INSERT INTO region (region_code) VALUES
     ('ASIA'),
     ('AMERICAS'),
     ('CHINA'),
     ('EUROPE');

INSERT INTO country (country_code, region_code) VALUES
    ('BN', 'ASIA'),
    ('SG', 'ASIA'),
    ('AZ', 'ASIA'),
    ('ID', 'ASIA'),
    ('JP', 'ASIA'),
    ('TR', 'EUROPE'),
    ('HK', 'ASIA'),
    ('US', 'AMERICAS'),
    ('CA', 'AMERICAS'),
    ('AU', 'AMERICAS'),
    ('BR', 'AMERICAS'),
    ('NL', 'EUROPE'),
    ('NO', 'EUROPE'),
    ('DK', 'EUROPE'),
    ('DE', 'EUROPE'),
    ('SE', 'EUROPE'),
    ('CH', 'EUROPE'),
    ('ES', 'EUROPE'),
    ('GB', 'EUROPE'),
    ('AT', 'EUROPE'),
    ('IT', 'EUROPE'),
    ('CZ', 'EUROPE'),
    ('PT', 'EUROPE'),
    ('FR', 'EUROPE'),
    ('FI', 'EUROPE'),
    ('CN', 'CHINA'),
    ('TW', 'CHINA');

INSERT INTO university
(region_code, country_code, korean_name, format_name, english_name,
 student_capacity, semester_requirement,tuition_fee_type, exchange_semester,
 homepage_url, english_course_url, accommodation_url,
 details_for_language, details_for_apply, details_for_major, details_for_accommodation, details,
 background_image_url, logo_image_url)
VALUES
    ('AMERICAS', 'US', '괌대학(A형)', 'University of Guam', '1', 'HOME_UNIVERSITY_PAYMENT', '무관', '61', '500', NULL, '5.5', NULL, NULL, NULL, NULL, '외국어 성적 유효기간이 파견대학의 지원시까지 유효해야함', '2.5', '4', '2', NULL, 'https://www.uog.edu/admissions/international-students', '파견대학에 지원하는 전공과 본교 전공이 일치해야함', 'https://www.uog.edu/admissions/course-schedule', 'https://www.uog.edu/life-at-uog/residence-halls/', NULL),
    ('AMERICAS', 'US', '괌대학(B형)', 'University of Guam', '2', 'OVERSEAS_UNIVERSITY_PAYMENT', '무관', '61', '500', NULL, '5.5', NULL, NULL, NULL, NULL, '외국어 성적 유효기간이 파견대학의 지원시까지 유효해야함', '2.5', '4', '2', NULL, 'https://www.uog.edu/admissions/international-students', '파견대학에 지원하는 전공과 본교 전공이 일치해야함', 'https://www.uog.edu/admissions/course-schedule', 'https://www.uog.edu/life-at-uog/residence-halls/', '등록금 관련 정보: https://www.uog.edu/financial-aid/cost-to-attend'),
    ('AMERICAS', 'US', '네바다주립대학 라스베이거스(B형)', 'University of Nevada, Las Vegas', '5', 'OVERSEAS_UNIVERSITY_PAYMENT', '무관', '61', '500', '650', '6', NULL, NULL, NULL, NULL, '영어 점수는 다음의 세부영역 점수를 각각 만족해야 함\n   - IELTS : 모든 영역에서 5.5 이상', '2.5', '4', '2', NULL, 'https://www.unlv.edu/engineering/eip', '- 지원가능전공: 공학계열 관련 전공자\n- 파견대학에 지원하는 전공과 본교 전공이 일치해야함', 'Academic Programs | Howard R. Hughes College of Engineering | University of Nevada, Las Vegas (unlv.edu)', 'https://www.unlv.edu/housing', '- The Engineering International Programs (EIP) Programs 안의 글로벌 하이브리드 프로그램으로 선발됨 \n※ 하이브리드 프로그램: 정규 과목 + 비정규 General Education Courses 과목 수강으로 구성, 정규(약 6학점) / 비정규 (약 135시간 이상) 수업 수강 (세부사항 변동 가능)\n- 기숙사가 있지만 기숙사 확정이 늦게 발표되고 전원보장이 어려워, 외부숙소로 진행될 수도 있음, 한 학기 기숙사 비용: 약 $4,500~$6,000\n- 한 학기 등록금: 약 $7,500\n- International Program and Service Fees $2,500'),
    ('AMERICAS', 'US', '네바다주립대학 라스베이거스(어학연수)', 'University of Nevada, Las Vegas', '1', 'HOME_UNIVERSITY_PAYMENT', '1개학기', '80', '550', '800', '6.5', NULL, NULL, NULL, NULL, '영어 점수는 다음의 세부영역 점수를 각각 만족해야 함\n   - IELTS : 모든 영역에서 6.5 이상', '3', '4', '2', NULL, 'https://www.unlv.edu/engineering/eip', '- 지원가능전공: 공학계열 관련 전공자\n- 파견대학에 지원하는 전공과 본교 전공이 일치해야함', 'Academic Programs | Howard R. Hughes College of Engineering | University of Nevada, Las Vegas (unlv.edu)', 'https://www.unlv.edu/housing', '- The Engineering International Programs (EIP) Programs 안의 글로벌 하이브리드 프로그램으로 선발됨 \n※ 하이브리드 프로그램: 정규 과목 + 비정규 General Education Courses 과목 수강으로 구성, 정규(약 6학점) / 비정규 (약 135시간 이상) 수업 수강 (세부사항 변동 가능)\n- 기숙사가 있지만 기숙사 확정이 늦게 발표되고 전원보장이 어려워, 외부숙소로 진행될 수도 있음, 한 학기 기숙사 비용: 약 $4,500~$6,000\n- International Program and Service Fees $2,500'),
    ('AMERICAS', 'US', '네브라스카 주립대학(A형)', 'University of Nebraska at Kearney', '5', 'HOME_UNIVERSITY_PAYMENT', '1개학기', '61', '530', NULL, '5.5', NULL, NULL, 'DUOLINGO', '100', '외국어 성적 유효기간이 파견대학의 지원하는 시점까지 유효해야함', '2.5', '4', '2', NULL, 'University of Nebraska at Kearney (unk.edu)', '타전공 지원 및 수강 가능\n- 학과에 지원 전제조건이 있을 경우 충족해야 함', 'https://catalog.unk.edu/undergraduate/', 'https://www.unk.edu/offices/reslife/index.php', '※ On Campus 기숙사 신청 필수! (기숙사 미신청 시 해외대학등록금납부형(B형)으로 전환)\n- 기숙사 관련 정보 : https://www.unk.edu/offices/reslife/housing-options.php\n- 보험료 약 $2,273/학기 (가격변동가능), 보험 가입 필수!\nhttps://www.unk.edu/international/international-student-services/medical-insurance.php'),
    ('AMERICAS', 'US', '네브라스카 주립대학(B형)', 'University of Nebraska at Kearney', '5', 'OVERSEAS_UNIVERSITY_PAYMENT', '무관', '61', '530', NULL, '5.5', NULL, NULL, 'DUOLINGO', '100', '외국어 성적 유효기간이 파견대학의 지원하는 시점까지 유효해야함', '2.5', '4', '2', 'ELI(어학연수) 과정으로 지원시 영어 성적 무관 (https://www.unk.edu/international/english-language-institute/index.php)', 'University of Nebraska at Kearney (unk.edu)', '타전공 지원 및 수강 가능\n- 학과에 지원 전제조건이 있을 경우 충족해야 함', 'https://catalog.unk.edu/undergraduate/', 'https://www.unk.edu/offices/reslife/index.php', '- ELI 어학연수 과정으로 지원시, 전공/ ESL 크레딧은 자체배치고사 점수에 따라 상이\n- 기숙사 관련 정보 : https://www.unk.edu/offices/reslife/housing-options.php\n- 등록금 관련 정보 : https://www.unk.edu/costs.php\n- 보험료 약 $2,273/학기 (가격변동가능), 보험 가입 필수!\nhttps://www.unk.edu/international/international-student-services/medical-insurance.php'),
    ('AMERICAS', 'US', '노스파크대학(A형)', 'North Park University', '4', 'HOME_UNIVERSITY_PAYMENT', '1개학기', '79', NULL, NULL, '6.5', NULL, NULL, 'DUOLINGO', '100', '-영어 점수는 다음의 세부영역 점수를 각각 \n  만족해야 함\n    - TOEFL iBT : 모든 영역에서 15점 이상\n    - IELTS : 모든 영역에서 5.5 이상\n - 외국어 성적 유효기간이 파견대학의 학기 시작하는 날까지 유효해야함', '2.75', '4.0', '2', NULL, 'https://www.northpark.edu/', '- 타전공 지원 및 수강 가능\n지원불가능전공 : Nursing, Athletic training, Education', 'https://paygate.northpark.edu:8173/Student/Courses', 'www.northpark.edu/housing', '한 학기 기숙사 비용: 약 $5,442'),
    ('AMERICAS', 'US', '노스파크대학(B형)', 'North Park University', '5', 'OVERSEAS_UNIVERSITY_PAYMENT', '무관', '79', NULL, NULL, '6.5', NULL, NULL, 'DUOLINGO', '100', '-영어 점수는 다음의 세부영역 점수를 각각 \n  만족해야 함\n    - TOEFL iBT : 모든 영역에서 15점 이상\n    - IELTS : 모든 영역에서 5.5 이상\n - 외국어 성적 유효기간이 파견대학의 학기 시작하는 날까지 유효해야함', '2.75', '4.0', '2', NULL, 'https://www.northpark.edu/', '- 타전공 지원 및 수강 가능\n지원불가능전공 : Nursing, Athletic training, Education', 'https://paygate.northpark.edu:8173/Student/Courses', 'www.northpark.edu/housing', '한 학기 등록금: 약 $6,938 (in-state 적용, 2023-24기준)\n한 학기 기숙사 비용: 약 $5,442'),
    ('AMERICAS', 'US', '뉴욕주립대 환경과학임학대학(A형)', 'SUNY ESF', '2', 'HOME_UNIVERSITY_PAYMENT', '1개학기', '79', NULL, NULL, '6', NULL, NULL, 'DUOLINGO', '100', '영어 점수는 다음의 세부영역 점수를 각각 만족해야함\n   - IELTS: 쓰기 영역에서 5.0 이상', '3', '4', '2', NULL, 'https://www.esf.edu/international/', '타전공 지원 및 수강 가능', 'https://www.esf.edu/catalog/courses/', 'https://www.esf.edu/housing/', '교내 기숙사가 한정되어있어 배정 받지 못할 가능성 있음\n- College Fee : 약 $1,070'),
    ('AMERICAS', 'US', '뉴욕주립대 환경과학임학대학(B형)', 'SUNY ESF', '5', 'OVERSEAS_UNIVERSITY_PAYMENT', '무관', '79', NULL, NULL, '6', NULL, NULL, 'DUOLINGO', '100', '영어 점수는 다음의 세부영역 점수를 각각 만족해야함\n   - IELTS: 쓰기 영역에서 5.0 이상', '3', '4', '2', NULL, 'https://www.esf.edu/international/', '타전공 지원 및 수강 가능', 'https://www.esf.edu/catalog/courses/', 'https://www.esf.edu/housing/', '교내 기숙사가 한정되어있어 배정 받지 못할 가능성 있음\n- 한 학기 등록금: 약 $9,450 (out of state)\n- College Fee : 약 $1,070'),
    ('AMERICAS', 'US', '뉴욕주립대학 스토니브룩(B형)', 'Stony Brook University', '5', 'OVERSEAS_UNIVERSITY_PAYMENT', '무관', '80', NULL, '850', '6.5', NULL, NULL, 'DUOLINGO', '105', NULL, '2.75', '4.0', '2', NULL, 'https://www.stonybrook.edu/', '- 지원 불가 전공 : Writing (WRT), Health Sciences, Nursing, Pharmacology, Education\n- Languages 강좌(독일어, 프랑스어 등), Dance, Theatre Arts and Cinema & Cultural Studies 수강 제한\n- Business/Accounting 전공 학생은 최대 3학점까지만 전공 수업 수강 가능하며 나머지 학점은 다른 전공에서 수강 가능', 'https://www.stonybrook.edu/sb/bulletin/current/courses/browse/byabbreviation/', 'https://www.stonybrook.edu/commcms/studentaffairs/res/', '- 한 학기 기숙사 비용: 약 $4,500~6,200\n- 한 학기 등록금: 약 $12,495 (out of state 적용)\n- 등록금 및 기타 Fee Rates 관련 정보: https://www.stonybrook.edu/commcms/sfs/tuition/index.php'),
    ('AMERICAS', 'US', '뉴저지시티대학(A형)', 'New Jersey City Univeristy', '2', 'HOME_UNIVERSITY_PAYMENT', '1개학기', '69', NULL, NULL, '5.5', NULL, NULL, 'DUOLINGO', '95', '외국어 성적 유효기간이 파견대학의 지원시까지 유효해야함', '2.5', '4', '2', NULL, 'https://www.njcu.edu/admissions-aid/international-students', '- 파견대학에 지원 및 수강하는 전공과 본교 전공이 일치해야함\n- 지원 불가 전공 : Nursing', 'https://www.njcu.edu/admissions-aid/international-students/information-accepted-students/choosing-classes', 'https://www.njcu.edu/admissions-aid/international-students/international-student-housing', NULL),
    ('AMERICAS', 'US', '뉴저지시티대학(B형)', 'New Jersey City Univeristy', '5', 'OVERSEAS_UNIVERSITY_PAYMENT', '무관', '69', NULL, NULL, '5.5', NULL, NULL, 'DUOLINGO', '95', '외국어 성적 유효기간이 파견대학의 지원시까지 유효해야함', '2.5', '4', '2', NULL, 'https://www.njcu.edu/admissions-aid/international-students', '- 파견대학에 지원 및 수강하는 전공과 본교 전공이 일치해야함\n- 지원 불가 전공 : Nursing', 'https://www.njcu.edu/admissions-aid/international-students/information-accepted-students/choosing-classes', 'https://www.njcu.edu/admissions-aid/international-students/international-student-housing', '한 학기 등록금: 약 $6,892 (In-state 적용)'),
    ('AMERICAS', 'US', '아칸소주립대학(A형)', 'Arkansas State University', '2', 'HOME_UNIVERSITY_PAYMENT', '1개학기', '61', NULL, NULL, '5.5', NULL, NULL, NULL, NULL, '외국어 성적 유효기간이 파견대학의 지원시까지 유효해야함', '2', '4', '2', NULL, 'https://www.astate.edu/', '- 타전공 지원 및 수강 가능\n지원 불가 전공: Nursing, Counseling, Music, Teaching, Occupational and Speech therapy', 'https://ssb-prod.ec.astate.edu/PROD/bwckschd.p_disp_dyn_sched', 'https://www.astate.edu/a/university-housing/housing-options/', NULL),
    ('AMERICAS', 'US', '아칸소주립대학(B형)', 'Arkansas State University', '1', 'OVERSEAS_UNIVERSITY_PAYMENT', '무관', '61', NULL, NULL, '5.5', NULL, NULL, NULL, NULL, '외국어 성적 유효기간이 파견대학의 지원시까지 유효해야함', '2', '4', '2', NULL, 'https://www.astate.edu/', '- 타전공 지원 및 수강 가능\n지원 불가 전공: Nursing, Counseling, Music, Teaching, Occupational and Speech therapy', 'https://ssb-prod.ec.astate.edu/PROD/bwckschd.p_disp_dyn_sched', 'https://www.astate.edu/a/university-housing/housing-options/', '한 학기 등록금: 약 $6,000 (in state+10%)'),
    ('AMERICAS', 'US', '안젤로주립대학(A형)', 'Angelo State University', '2', 'HOME_UNIVERSITY_PAYMENT', '1개학기', '69', NULL, NULL, '6', NULL, NULL, 'DUOLINGO', '100', NULL, '2.5', '4.0', '2', NULL, 'https://www.angelo.edu/', '- 지원불가능전공: \nAthletic Training, Border and Homeland Security, Border Security, Intelligence, Security, Studies and Analysis, and Nursing', 'https://ssb.angelo.edu/prod/bwwkschd.p_disp_dyn_sched', 'https://www.angelo.edu/dept/residential_programs', '- 모든 국제학생들은 안전과 영어향상을 위해 무조건 기숙사를 사용을 강제하는 International Studies Policy를 공지합니다'),
    ('AMERICAS', 'US', '안젤로주립대학(B형)', 'Angelo State University', '5', 'OVERSEAS_UNIVERSITY_PAYMENT', '무관', '69', '550', '800', '6', NULL, NULL, 'DUOLINGO', '100', NULL, '2.5', '4.0', '2', NULL, 'https://www.angelo.edu/', '- 지원불가능전공: \nAthletic Training, Border and Homeland Security, Border Security, Intelligence, Security, Studies and Analysis, and Nursing', 'https://ssb.angelo.edu/prod/bwwkschd.p_disp_dyn_sched', 'https://www.angelo.edu/dept/residential_programs', '- 모든 국제학생들은 안전과 영어향상을 위해 무조건 기숙사를 사용을 강제하는 International Studies Policy를 공지합니다\n- 등록금은 in-state rate 적용됨\n- 1년 과정으로 봄학기 수학 후 가을학기 수학을 하는 경우, 여름학기 수강 가능 (Optional)'),
    ('AMERICAS', 'US', '앨러배마헌츠빌대학 (A형)', 'The University of Alabama in Huntsville', '1', 'HOME_UNIVERSITY_PAYMENT', '1개학기', '75', NULL, NULL, '6', NULL, NULL, 'DuOLINGO', '100', '영어 점수는 다음의 세부영역 점수를 각각 만족해야 함\n  - TOEFL IBT: 모든 영역에서 18점 이상\n  - IELTS : 모든 영역에서 6.0 이상 \n  - Duolingo : 모든 영역에서 95점 이상 (Duolingo의 경우, 토플과 아이엘츠 성적을 보유하지 않은 경우 예외적으로 적용되므로 합격 이후 필요시 파견교에서 영어능력에 대해 재확인할 수 있음/ https://www.uah.edu/admissions/undergraduate/apply-for-admission/international)\n - 외국어 성적 유효기간이 파견대학의 학기 시작하는 날까지 유효해야함', '3', '4', '2', NULL, 'https://www.uah.edu/', '타전공 지원 및 수강 가능', 'https://catalog.uah.edu/undergrad/course-descriptions/', 'https://www.uah.edu/housing', NULL),
    ('AMERICAS', 'US', '앨러배마헌츠빌대학 (B형)', 'The University of Alabama in Huntsville', '1', 'OVERSEAS_UNIVERSITY_PAYMENT', '무관', '75', NULL, NULL, '6', NULL, NULL, 'DuOLINGO', '100', '영어 점수는 다음의 세부영역 점수를 각각 만족해야 함\n  - TOEFL IBT: 모든 영역에서 18점 이상\n  - IELTS : 모든 영역에서 6.0 이상 \n  - Duolingo : 모든 영역에서 95점 이상 (Duolingo의 경우, 토플과 아이엘츠 성적을 보유하지 않은 경우 예외적으로 적용되므로 합격 이후 필요시 파견교에서 영어능력에 대해 재확인할 수 있음/ https://www.uah.edu/admissions/undergraduate/apply-for-admission/international)\n - 외국어 성적 유효기간이 파견대학의 학기 시작하는 날까지 유효해야함', '3', '4', '2', NULL, 'https://www.uah.edu/', '타전공 지원 및 수강 가능', 'https://catalog.uah.edu/undergrad/course-descriptions/', 'https://www.uah.edu/housing', '등록금 관련 정보 : https://www.uah.edu/bursar/tuition'),
    ('AMERICAS', 'US', '일리노이공과대학(교환학생 과정)', 'Illinois Institute of Technology', '5', 'OVERSEAS_UNIVERSITY_PAYMENT', '무관', '80', NULL, NULL, '6.5', NULL, NULL, 'DUOLINGO', '110', '영어 점수는 다음의 세부영역 점수를 각각 만족해야 함\n  - TOEFL IBT: 모든 영역에서 20점 이상\n  - IELTS : 모든 영역에서 6.0 이상 \n - 외국어 성적 유효기간이 파견대학의 학기 시작하는 날까지 유효해야함', '3.25', '4.0', '2', 'SAT시험 면제 조건으로 교양 및 전공 포함하여 최소 30학점 이수하여야 하며 입학사정시 전공과목 및 영어과목 위주로 검토 됨.', 'https://www.iit.edu/', '- 선이수과목이 비숫해야 후에 IIT에서 전공과목을 수강할 수 있음\n- 타전공 지원 및 수강 가능 (단, 각 학과의 사전허가 필요)', '학과소개 : \nhttp://bulletin.iit.edu/undergraduate/courses/\n\n지원안내:\nhttps://www.iit.edu/admissions-aid/undergraduate-admission/international-undergraduate-students/how-apply-international-undergraduate-students/international-visiting-and-exchange-students', '- 기숙사 정보 https://www.iit.edu/housing/housing-options/housing-rates \n- 식비(Meal Plan) 정보 \nhttps://www.iit.edu/housing/dining-and-meal-plan/options-and-rates \n- 세부사항 변동 가능', '※ IIT 사이트 요약  : https://www.iit.edu/admissions-aid/tuition-and-aid/undergraduate-costs-and-aid\n\n - 학비관련 site \nhttps://web.iit.edu/student-accounting/tuition-fees/current-tuition/main-campus-undergraduate \n- 한 학기 등록금: 약 $14.820 (방문학생 학비장학금 $10,000/학기 차감한 금액 기준, 징학금은 12크레딧 이상 full time 등록 시에만 지급 가능)\n - 보험료 site \nhttps://www.iit.edu/shwc/insurance/plan-info-and-requirements\n- 세부사항 변동 가능'),
    ('AMERICAS', 'US', '일리노이공과대학(복수학위 과정)', 'Illinois Institute of Technology', '5', 'OVERSEAS_UNIVERSITY_PAYMENT', '4개학기', '90', NULL, NULL, '6.5', NULL, NULL, 'DUOLINGO', '110', '영어 점수는 다음의 세부영역 점수를 각각 만족해야 함\n  - TOEFL IBT: 모든 영역에서 20점 이상\n  - IELTS : 모든 영역에서 6.0 이상 \n - 외국어 성적 유효기간이 파견대학의 학기 시작하는 날까지 유효해야함', '3.25', '4.0', '4', 'SAT시험 면제 조건으로 교양 및 전공 포함하여 최소 30학점 이수하여야 하며 입학사정시 전공과목 및 영어과목 위주로 검토 됨. \n- 2023-2학기에 4차 학기 이수 예정인 학생도 조건부 지원 가능\n(반드시 정규학기 이수하여야 2024-1 파견 가능)', 'https://www.iit.edu/admissions-aid/undergraduate-admission/international-undergraduate-students/how-apply-international-undergraduate-students/international-transfer-students', '파견대학에 지원하는 전공과 본교 전공이 정확하게 일치해야함', '학과소개 : \nhttp://bulletin.iit.edu/undergraduate/courses/\n지원안내:\nhttps://www.iit.edu/admissions-aid/undergraduate-admission/international-undergraduate-students/how-apply-international-undergraduate-students/international-visiting-and-exchange-students', '- 기숙사 정보 https://www.iit.edu/housing/housing-options/housing-rates                      \n- 식비(Meal Plan) 정보 \nhttps://www.iit.edu/housing/dining-and-meal-plan/options-and-rates    \n- 세부사항 변동 가능', '※ IIT 사이트 요약  : https://www.iit.edu/admissions-aid/tuition-and-aid/undergraduate-costs-and-aid\n \n - 학비관련 site \nhttps://web.iit.edu/student-accounting/tuition-fees/current-tuition/main-campus-undergraduate\n- 연간 등록금: 약 $49,643, 복수학위 학비장학금 연간 1만~3만 달러 지급 (징학금은 12크레딧 이상 full time 등록 시에만 지급 가능)\n - 보험료 site \nhttps://www.iit.edu/shwc/insurance/plan-info-and-requirements\n- 세부사항 변동 가능'),
    ('AMERICAS', 'US', '테일러대학', 'Taylor university', '2', 'HOME_UNIVERSITY_PAYMENT', '무관', '80', NULL, NULL, '6.5', NULL, NULL, NULL, NULL, NULL, '3.0', '4.0', '2', NULL, 'https://www.taylor.edu/', NULL, 'https://www.taylor.edu/offices/registrar/class-schedules', 'https://www.taylor.edu/life-at-taylor/facilities/residence-halls/index', '※ 테일러대학은 기독교 정신을 기반으로 설립된 학교이므로 대다수의 학생들이 기독교를 믿고 있음. 기독교에 거부감이 없고 성실한 학교생활을 하며, 정기적인 교회 생활을 하고있는 학생들만 지원 권장\n- 원칙은 1학기 지원이나, 2학기도 학생이 원하면 지원 가능  \n다만, 파견대학에서 학생의 교환학생 성과를 평가해 이에 미치지 못할 경우 2학기를 이어 진행하지 못하고 한 학기만 진행할 수 있으니 해당 사항 유의하기 바람. 이에 2학기를 지원하는 학생의 경우, 파견 지원 전 반드시 지역담당자에게 사전에 연락해 관련 내용에 대해 논의하고 지원하길 바람.'),
    ('AMERICAS', 'US', '템플대학(혼합형)', 'Temple University', '5', 'MIXED_PAYMENT', '무관', '79', '550', NULL, '6', NULL, NULL, 'DUOLINGO', '110', '영어 점수는 다음의 세부영역 점수를 각각 만족해야 함 \n  - IELTS : 모든 영역에서 6 이상\n- 영어시험 성적 파견대학 지원시까지 유효하여야 함\n- 최저 기준 어학 점수가 넘더라도, 선발대학에서 특정 섹션의 어학실력이 부족하다고 판단될 경우 파견 시 별도로 대학부설 어학코스(ielp) 수강이 필요할 수 있음 [수업료 외 별도,비용발생]', '3', '4.0', '2', NULL, 'http://globalprograms.temple.edu/', '- 타전공 지원 및 수강 가능\n- 다음 전공들은 지원 가능하나 수강신청이 제한적일 수 있음 Architecture, Computer & Information Sciences, Business, Education, Performing Arts (Dance, Music, Theater), Professional Schools (Dentistry, Law, Medicine, Pharmacy, Podiatry), Visual Arts (Film/Media Arts, Graphic Design, Fine Arts, etc), Sport, Tourism and Hospitality Management\n- Business 전공의 경우, 본교 경영학과 학생만 지원가능', 'https://prd-xereg.temple.edu/StudentRegistrationSsb/ssb/term/termSelection?mode=search', 'https://globalprograms.temple.edu/housing', '※ 1개 학기로도 지원 가능\n※ 혼합형은 첫 번째 학기는 템플대학교에 등록금 지불, 두 번째 학기는 인하대에 등록금 지불하는 유형 (2개 학기를 모두 마치고 올 경우에만 두 번쨰 학기에 템플대학교 등록금 면제 및 인하대에 등록금 지불 적용 가능)\n- 한 학기 등록금: 약 $15,432 (out of rate, 관련정보: https://globalprograms.temple.edu/programs/inbound-study-abroad-exchange/costs-dates)\n- 한 학기 기숙사: 약 $5,000 (기숙사 유형에 따라 상이)'),
    ('AMERICAS', 'US', '트로이주립대학(A형)', 'Troy University', '2', 'HOME_UNIVERSITY_PAYMENT', '1개학기', '61', NULL, NULL, '5.5', NULL, NULL, 'DUOLINGO', '85', '외국어 성적 유효기간이 파견대학의 지원하는 시점까지 유효해야함', '2.5', '4', '2', NULL, 'https://www.troy.edu/international/index.html', '- 파견대학에 지원하는 전공과 본교 전공이 일치해야함 (복수전공, 부전공 가능)\n- 지원제힌전공: Nursing', 'https://www.troy.edu/academics/catalogs/#Undergraduate', 'https://www.troy.edu/student-life-resources/housing/index.html', NULL),
    ('AMERICAS', 'US', '트로이주립대학(B형)', 'Troy University', '4', 'OVERSEAS_UNIVERSITY_PAYMENT', '무관', '61', NULL, NULL, '5.5', NULL, NULL, 'DUOLINGO', '85', '외국어 성적 유효기간이 파견대학의 지원하는 시점까지 유효해야함', '2.5', '4', '2', NULL, 'https://www.troy.edu/international/index.html', '- 파견대학에 지원하는 전공과 본교 전공이 일치해야함 (복수전공, 부전공 가능)\n- 지원제힌전공: Nursing', 'https://www.troy.edu/academics/catalogs/#Undergraduate', 'https://www.troy.edu/student-life-resources/housing/index.html', '한 학기 등록금: 약 $9,312 (50% tuition scholarship 지급)'),
    ('AMERICAS', 'US', '하와이대학(B형)', 'University of Hawaii at Manoa', '5', 'OVERSEAS_UNIVERSITY_PAYMENT', '무관', '68', '520', NULL, '6', NULL, NULL, 'DUOLINGO', '96', '- 토플 IBT(100), 토플 ITP(600), IELTS(7.0) DUOLINGO(125) 미만시 파견후 별도 영어시험 필수이며 결과에 따라 1-3개 어학 수업 수강하게 될 수 있음\n- 어학성적은 파견대학 지원시까지 유효하여야 함', '2.5', '4', '2', NULL, 'Mānoa International Exchange – Come to Mānoa, See the World! (hawaii.edu)', '타전공 지원 및 수강 가능', 'https://www.sis.hawaii.edu/uhdad/avail.classes?i=MAN', 'https://manoa.hawaii.edu/mix/inbound/housing-meals/', '등록금: Hoakipa Visiting Student 유형으로 in-state 150% 적용'),
    ('AMERICAS', 'BR', '카톨릭 대학 미나스제라이스', 'Pontificia Universidade Catolica de Minas Gerais', '5', 'HOME_UNIVERSITY_PAYMENT', '무관', '72', '550', NULL, '5.5', NULL, NULL, 'DUOLINGO', '95', NULL, NULL, NULL, '2', NULL, 'https://www.pucminas.br/', '- 타전공 지원 및 수강 가능', '※ 영어강의 제공하지 않음, 모든 강의 포르투갈어로 진행\nhttp://www1.pucminas.br/ari/index_padrao.php?pagina=5829', NULL, '교내 기숙사 미제공, International Affairs와 버디프로그램을 통해 교외숙소 계약을 도와줄 예정'),
    ('AMERICAS', 'BR', '포르탈레자 대학', 'UNIVERSITY OF FORTALEZA', '5', 'HOME_UNIVERSITY_PAYMENT', '무관', '72', '550', NULL, '5.5', NULL, NULL, 'DUOLINGO', '95', NULL, NULL, NULL, '2', NULL, 'https://www.unifor.br/', '- 타전공 지원 및 수강 가능\n- 지원불가전공 : Medicine', '※ 대부분의 강의 포르투갈어로 진행, 주로 Business Field에 영어수업\nhttps://unifor.br/web/guest/international/exchange-students#tabs', 'https://unifor.br/web/guest/international/exchange-students#tabs', '포르투갈어 어학 수업 수강 가능'),
    ('AMERICAS', 'CA', '리자이나대학(A형)', 'University of Regina', '2', 'HOME_UNIVERSITY_PAYMENT', '1개학기', '83', NULL, NULL, '6.5', NULL, NULL, NULL, NULL, '영어 점수는 다음의 세부영역 점수를 각각 만족해야함\n  - TOEFL iBT : 모든 영역에서 20점 이상\n  - IELTS : 모든 영역에서 6.0 이상', '2.5', '4.0', '2', NULL, 'https://www.uregina.ca/international/', '- 아래 8개 Faculties 내에서만 수강 가능 : \nArts, Business Administration, Education, Engineering and Applied Science, Kinesiology, La Cite, Media/Art/Performance, Science\n- 지원 불가 전공: Nursing, Social work', 'https://banner.uregina.ca/prod/sct/bwckschd.p_disp_dyn_sched', 'https://www.uregina.ca/housing/housing-options/index.html', NULL),
    ('AMERICAS', 'CA', '리자이나대학(B형)', 'University of Regina', '5', 'OVERSEAS_UNIVERSITY_PAYMENT', '무관', '83', NULL, NULL, '6.5', NULL, NULL, NULL, NULL, '영어 점수는 다음의 세부영역 점수를 각각 만족해야함\n  - TOEFL iBT : 모든 영역에서 20점 이상\n  - IELTS : 모든 영역에서 6.0 이상', '2.5', '4.0', '2', NULL, 'https://www.uregina.ca/international/', '- 아래 8개 Faculties 내에서만 수강 가능 : \nArts, Business Administration, Education, Engineering and Applied Science, Kinesiology, La Cite, Media/Art/Performance, Science\n- 지원 불가 전공: Nursing, Social work', 'https://banner.uregina.ca/prod/sct/bwckschd.p_disp_dyn_sched', 'https://www.uregina.ca/housing/housing-options/index.html', '국제학생 등록금 적용(지원 전공 및 학점에 따라 금액 상이)\n- 관련 링크: https://www.uregina.ca/fs/students/fee-schedule.html'),
    ('AMERICAS', 'CA', '메모리얼 대학 세인트존스(A형)', 'Memorial University of Newfoundland St. John\'s', '4', 'HOME_UNIVERSITY_PAYMENT', '1개학기', '79', NULL, NULL, '6.5', NULL, NULL, 'DUOLINGO', '115', '영어 점수는 다음의 세부영역 점수를 각각 만족해야함  - TOEFL iBT : 읽기/쓰기 20점, 듣기/말하기 17점 이상  - IELTS : 모든 영역에서 6.0 이상 - 외국어 성적 유효기간이 파견대학의 학기 시작하는 날까지 유효해야함', '2.5', '4.0', '2', NULL, 'https://mun.ca/goabroad/visiting-students-inbound/', '타전공 지원 및 수강 가능 - 지원불가능전공: Medicine, Pharmacy, Social work, Nursing- Computer Science, Music 지원 제한적', 'https://www.mun.ca/regoff/registration-and-final-exams/course-offerings/', 'www.mun.ca/residences', NULL),
    ('AMERICAS', 'CA', '메모리얼 대학 세인트존스(B형)', 'Memorial University of Newfoundland St. John\'s', '5', 'OVERSEAS_UNIVERSITY_PAYMENT', '무관', '79', NULL, NULL, '6.5', NULL, NULL, 'DUOLINGO', '115', '영어 점수는 다음의 세부영역 점수를 각각 만족해야함\n  - TOEFL iBT : 읽기/쓰기 20점, 듣기/말하기 17점 이상\n  - IELTS : 모든 영역에서 6.0 이상\n - 외국어 성적 유효기간이 파견대학의 학기 시작하는 날까지 유효해야함', '2.5', '4.0', '2', NULL, 'https://mun.ca/goabroad/visiting-students-inbound/', '타전공 지원 및 수강 가능 \n- 지원불가능전공: Medicine, Pharmacy, Social work, Nursing\n- Computer Science, Music 지원 제한적', 'https://www.mun.ca/regoff/registration-and-final-exams/course-offerings/', 'www.mun.ca/residences', '국제학생 등록금 적용 (학점당 $2,080)'),
    ('AMERICAS', 'CA', '메모리얼대학 그랜펠(어학연수)', 'Memorial University of Newfoundland, Grenfell Campus', '4', 'OVERSEAS_UNIVERSITY_PAYMENT', '1개학기', '40', '440', '500', '4.5', NULL, NULL, NULL, NULL, '※ 가장 기초 과정(IEP-G)의 최소 지원 요건이며 레벨과 지원과정에 따라 지원자격 상이하므로 fact sheet 참조 바람\n- 학부과정 수강 가능한 IEBP-G 지원 시 다음의 세부영역 점수를 만족해야함\n - IELTS : 쓰기 5.5 이상, 모든 영역에서 5.0 이상\n - TOEFL : 쓰기 16점 이상\n- 외국어 성적 유효기간이 파견학기 시작시까지 유효해야함', '2.5', '4.0', '2', NULL, 'www.grenfell.mun.ca/esl', NULL, 'www.grenfell.mun.ca/esl', 'www.grenfell.mun.ca/housing', '선발 학생의 어학성적에 따라 레벨이 정해지며 비용 또한 상이. \n- IEBP-G 레벨에 배정될 경우 학부 수업 1-2개 수강 가능하며 (선택 제한적) 학부수업에 대한 등록금은 면제 (국제처 홈페이지 내 대학 Fact Sheet 참조 바람)'),
    ('AMERICAS', 'AU', 'RMIT멜버른공과대학(A형)', 'RMIT University', '3', 'HOME_UNIVERSITY_PAYMENT', '1개학기', '60', NULL, NULL, '6', NULL, NULL, NULL, NULL, '어학성적은 파견 학기 지원 마감일까지 유효 하여야함', '2', '4', '2', NULL, 'https://www.rmit.edu.au/study-with-us/international-students/programs-for-international-students/study-abroad-and-exchange/student-exchange', '파견대학에 지원하는 전공과 본교 전공이 일치해야함 (복수전공, 부전공 가능)\n- 지원 유의 전공 : Fashion, Media and Communication, Design, Interior Design, Architecture Design\n(참고 : https://www.rmit.edu.au/study-with-us/international-students/programs-for-international-students/study-abroad-and-exchange/student-exchange/how-to-search-for-your-courses)', 'https://www.rmit.edu.au/study-with-us/international-students/programs-for-international-students/study-abroad-and-exchange/study-abroad/study-abroad-exchange-course-search', 'https://www.rmit.edu.au/students/student-life/accommodation', NULL),
    ('AMERICAS', 'AU', '서던퀸스랜드대학(A형)', 'University of Southern Queensland', '1', 'HOME_UNIVERSITY_PAYMENT', '1개학기', NULL, NULL, NULL, '6', NULL, NULL, NULL, NULL, '영어 점수는 다음의 세부영역 점수를 각각 만족해야 함\n  - IELTS: 각 영역 최소 5.5 이상\n- 외국어 성적 유효기간이 파견대학의 지원 시점 기준까지 유효해야함', '4', '7', '2', NULL, 'https://www.unisq.edu.au/international/partnerships/study-abroad-exchange', '- 타전공 지원 및 수강 가능  \n- 미술 계열, 간호학, 약학, 교육학 등 제한 있음\n- 학과별 지원 자격요건이 있는 경우 모두 충족해야 하며, 사전 승인 필요', '2023 UniSQ Courses', 'https://www.unisq.edu.au/current-students/support/accommodation', '서던퀸스랜드대학은 Trimester로 운영되므로 학사일정을 반드시 참고하길 바람'),
    ('AMERICAS', 'AU', '서던퀸스랜드대학(B형)', 'University of Southern Queensland', '5', 'OVERSEAS_UNIVERSITY_PAYMENT', '1개학기', NULL, NULL, NULL, '6', NULL, NULL, NULL, NULL, '영어 점수는 다음의 세부영역 점수를 각각 만족해야 함\n  - IELTS: 각 영역 최소 5.5 이상\n- 외국어 성적 유효기간이 파견대학의 지원시까지 유효해야함', '4', '7', '2', NULL, 'https://www.unisq.edu.au/international/partnerships/study-abroad-exchange', '- 타전공 지원 및 수강 가능  \n- 미술 계열, 간호학, 약학, 교육학 등 제한 있음\n- 학과별 지원 자격요건이 있는 경우 모두 충족해야 하며, 사전 승인 필요', '2023 UniSQ Courses', 'https://www.unisq.edu.au/current-students/support/accommodation', '서던퀸스랜드대학은 Trimester로 운영되므로 학사일정을 반드시 참고하길 바람\n- In-state 등록금 납부 \n(등록금 관련 정보 : https://www.unisq.edu.au/international/partnerships/study-abroad-exchange/fees-scholarships)'),
    ('AMERICAS', 'AU', '시드니대학', 'University of Sydney', '5', 'OVERSEAS_UNIVERSITY_PAYMENT', '무관', '85', NULL, NULL, '6.5', NULL, NULL, NULL, NULL, '영어 점수는 다음의 세부영역 점수를 각각 만족해야함\n   - IELTS: 모든 영역에서 6.0 이상\n   - TOEFL IBT: 읽기/듣기/말하기 17점, 쓰기 19점 이상\n- 어학성적은 파견학기 시작시까지 유효하여야함', '3', '4', '2', NULL, 'https://www.sydney.edu.au/', '타전공 지원 및 수강 가능\n- MECO, CAEL, LAWS unit 수강 여석 제한 있음', 'www.sydney.edu.au/sydney-abroad-units', 'https://www.sydney.edu.au/study/accommodation.html', 'OSHC(Overseas Student Health Cover) 국제학생 보험가입 의무 (2023년 기준 AUD 348/학기, 학기마다 비용 상이)'),
    ('AMERICAS', 'AU', '커틴대학(A형)', 'Curtin University', '3', 'HOME_UNIVERSITY_PAYMENT', '1개학기', '68', NULL, NULL, '6', NULL, NULL, NULL, NULL, '영어 점수는 다음의 세부영역 점수를 각각 만족해야함\n   - IELTS: 모든 영역에서 6.0 이상\n   - TOEFL IBT: 읽기 13점, 쓰기 21점, 듣기 13점, 말하기 18점 이상\n- 어학성적은 파견학기 시작시까지 유효하여야함', '2.75', '4', '2', NULL, 'Curtin University | Make tomorrow better', '타전공 지원 및 수강 가능\n지원 불가능 전공: Physiotherapy, Medicine, Nursing, Occupational Therapy', 'https://handbook.curtin.edu.au/', 'https://www.curtin.edu.au/study/campus-life/accommodation/#perth', '※ 24-1학기에 한하여 \'Destination Australia Cheung Kong Exchange Program Scholarship\' 지급 예정 (신청자 중 가장 총점이 우수한 학생 1명에게 AUD$6000 지급, 상세 내용은 국제처 홈페이지 해외대학정보 공지글 참고)'),
    ('AMERICAS', 'AU', '커틴대학(B형)', 'Curtin University', '5', 'OVERSEAS_UNIVERSITY_PAYMENT', '무관', '68', NULL, NULL, '6', NULL, NULL, NULL, NULL, '영어 점수는 다음의 세부영역 점수를 각각 만족해야함\n   - IELTS: 모든 영역에서 6.0 이상\n   - TOEFL IBT: 읽기 13점, 쓰기 21점, 듣기 13점, 말하기 19점 이상\n- 어학성적은 파견학기 시작시까지 유효하여야함', '2.75', '4', '2', NULL, 'Curtin University | Make tomorrow better', '타전공 지원 및 수강 가능\n지원 불가능 전공: Physiotherapy, Medicine, Nursing, Occupational Therapy', 'https://handbook.curtin.edu.au/', 'https://www.curtin.edu.au/study/campus-life/accommodation/#perth', '한 학기 등록금: 약 10,400 AUD (in state 적용)\n※ 24-1학기에 한하여 \'Destination Australia Cheung Kong Exchange Program Scholarship\' 지급 예정 (신청자 중 가장 총점이 우수한 학생 1명에게 AUD$6000 지급, 상세 내용은 국제처 홈페이지 해외대학정보 공지글 참고)'),
    ('EUROPE', 'NL', '그로닝겐 대학교', 'University of Groningen', '4', 'HOME_UNIVERSITY_PAYMENT', '무관', '80', NULL, NULL, '6', NULL, NULL, NULL, NULL, '- 영어 점수는 다음의 세부영역 점수를 각각 만족해야 함\n  - TOEFL IBT: 쓰기 19점 이상, 말하기 19점 이상\n  - IELTS: 쓰기 5.5점 이상, 말하기 6점 이상', NULL, NULL, '2', NULL, 'https://www.rug.nl/feb/education/exchange', 'Faculty of Economics and Business로만 지원가능', 'https://www.rug.nl/feb/education/exchange/incoming/before/courses-exams', 'https://www.rug.nl/feb/education/exchange/incoming/practical-information/accommodation', NULL),
    ('EUROPE', 'NL', '삭시온대학교', 'Saxion University of Applied Sciences', '4', 'HOME_UNIVERSITY_PAYMENT', '1개학기', '80', NULL, '870', '6', NULL, NULL, NULL, NULL, '- 영어 점수는 다음의 세부영역 점수를 각각 만족해야 함\n  - TOEFL IBT: 쓰기 19점 이상, 말하기 19점 이상\n  - IELTS: 쓰기 5.5점 이상, 말하기 6점 이상', NULL, NULL, '3', NULL, 'https://www.saxion.edu/programmes/exchange-programme/international-business/course-content', NULL, 'https://www.saxion.edu/programmes#facet_Education%20type=exchange&viewmode=0&page=1', 'https://www.saxion.edu/studying-in-the-netherlands/practical-matters/accommodation/housing-via-saxion', '기숙사 여석 많지않음'),
    ('EUROPE', 'NL', '폰티스대학', 'Fontys University of Applied Sciences', '2', 'HOME_UNIVERSITY_PAYMENT', '1개학기', '80', NULL, NULL, '6', NULL, NULL, NULL, NULL, NULL, NULL, NULL, '2', NULL, 'https://fontys.edu/Short-term-programmes/Exchange-programmes.htm', 'https://fontys.edu/Short-term-programmes/Exchange-programmes/Exchange-programmes-per-faculty.htm', 'https://fontys.edu/Study-at-Fontys/Exchange-programmes.htm#query={%22fields%22:[{%22key%22:%22wilIetsMet%22,%22value%22:[%22Engine%22,%22ICT%22]}],%22keywords%22:%22%22}', 'https://fontys.edu/Study-at-Fontys/Practical-information-1/Arriving-in-The-Netherlands-1/Accommodation.htm', NULL),
    ('EUROPE', 'NO', '노르웨이 경영대학', 'BI Norwegian Business School', '2', 'HOME_UNIVERSITY_PAYMENT', '무관', '72', '543', '785', '5.5', NULL, NULL, NULL, NULL, NULL, '2', '4.5', '2', NULL, 'www.bi.edu/exchange', '- 경영학 수업만 개설됨\n- 경영학에 대한 사전의 기초적인 과목을 이수하여야 함\n- 한 학기 최대 30ECTS까지 수강 가능함', 'www.bi.edu/exchange', '- 외부숙소 제공\n- https://www.bi.edu/study-at-bi/housing/', NULL),
    ('EUROPE', 'DK', '서던덴마크대학교', 'University of Southern Denmark', '2', 'HOME_UNIVERSITY_PAYMENT', '무관', '88', NULL, NULL, '6.5', NULL, NULL, NULL, NULL, NULL, NULL, NULL, '4', '- 어학성적표가 해당 대학 신청서 제출 시 유효하여야 함(~10월 1일)', 'https://www.sdu.dk/da', '- 주전공과 지원전공이 반드시 일치할 필요는 없으나 본교에서 기초과목을 이수하여야 함\n- 교환학생에게 제공되는 수업만 수강 가능\n- Faculty of Engineering 내에서 2/3이상의 수업을 수강하여야 함\n- 30 ECTS 수강', 'https://www.sdu.dk/en/uddannelse/exchange_programmes', '- 교외 숙소\n-https://www.sdu.dk/en/uddannelse/information_for_international_students/studenthousing', NULL),
    ('EUROPE', 'DK', '코펜하겐 IT대학', 'IT University of Copenhagen', '2', 'HOME_UNIVERSITY_PAYMENT', '1개학기', '88', NULL, NULL, '6.5', NULL, NULL, NULL, NULL, NULL, NULL, NULL, '2', '- 어학성적표가 해당 대학 신청서 제출 시 유효하여야 함(~11월 1일)', 'https://en.itu.dk/programmes/exchange-students/become-an-exchange-student-at-itu', '- 본교 기초과목 이수사항에 따라 지원이 제한될 수 있으나 소속전공과 정확하게 일치 하지 않아도 지원은 가능(연관 전공이어야 함)\n- 최소 7.5 ECTS, 최대 30ECTS 수강 가능\n- 교차 수강 가능(선수과목이 지정되어있는 과목은 사전에 이수하여야 수강이 가능함)', 'https://en.itu.dk/Programmes/Exchange-students/Become-an-exchange-student-at-ITU', '- 제공(학교 운영 기숙사 아님) \n- 선착순 배정\n- https://en.itu.dk/Programmes/Student-Life/Practical-information-for-international-students', NULL),
    ('EUROPE', 'DE', '노이울름 대학', 'Neu-Ulm University of Applied Sciences', '3', 'HOME_UNIVERSITY_PAYMENT', '무관', '72', NULL, '785\n(S/W 제출)', '6', NULL, NULL, NULL, NULL, '영어 점수는 다음의 세부영역 점수를 각각 만족해야 함\n   - TOEFL IBT: 읽기 18점; 듣기 17점, 말하기 20점, 쓰기 17점\n   - TOEIC: 읽기 385점, 듣기 400점, 말하기 160점, 쓰기 150점\n외국어 성적 유효기간이 파견대학의 학기 시작하는 시점까지 유효해야 함', NULL, NULL, '2', NULL, 'International - Hochschule Neu-Ulm (hnu.de)', '타전공 지원 및 수강 가능', 'https://www.hnu.de/en/international/international-exchange-students/courses-taught-in-english', 'https://www.hnu.de/fileadmin/user_upload/5_Internationales/International_Incomings/Bewerbung/Housing_Broschure.pdf', NULL),
    ('EUROPE', 'DE', '데겐도르프대학', 'Deggendorf University of Applied Sciences', '3', 'HOME_UNIVERSITY_PAYMENT', '무관', '72', '550', '785', '5.5', NULL, NULL, NULL, NULL, '독일어 공인성적으로 지원할 경우, B2 레벨에 준하는 성적을 보유하여야 함\n- 어학성적은 파견 학기 지원 마감일까지 유효 하여야함', NULL, NULL, '2', NULL, 'www.th-deg.de/exchange', '- 파견대학에 지원하는 전공과 본교 전공이 일치해야함 (복수전공, 부전공 가능)\n- 일반적으로 Business, Computer Sciences, Engineering, Tourism Field에서 영어강의를 교환학생에게 제공함', 'https://th-deg.de/exchange-students#course-choices', 'https://www.th-deg.de/en/study-with-us/accommodation', '교환 학생 프로그램에 독일 어학 수업 포함'),
    ('EUROPE', 'DE', '라벤스부르크 바인가르텐 응용과학대학교', 'RWU Ravensburg Weingarten\n University of Applied Sciences', '3', 'HOME_UNIVERSITY_PAYMENT', '무관', '70', NULL, '785\n(S/W제출)', '6', NULL, NULL, NULL, NULL, '독일어 공인성적으로 지원할 경우, B2 레벨에 준하는 성적을 보유하여야 함\n- TOEIC: 말하기 160점 이상, 쓰기 150점 이상\n- IELTS: 모든 영역에서 5.5 이상\n- 어학성적은 파견 학기 지원 마감일까지 유효 하여야함', NULL, NULL, '2', NULL, 'https://www.rwu.de/en', '타전공 지원 및 수강 가능\n- Language 관련 강의 수강 제한적, Social Faculty의 경우 영어강의 제공하지 않음', 'https://www.rwu.de/en/international/exchange-students/study-and-course-offer', 'https://www.rwu.de/en/international/exchange-students/application', '※ BW Scholarship RWU : Fall term 2023/24 (Sept – Feb) 기간동안 한 달에 €850 장학금 수령 (제출서류 및 기한 등 자세한 정보는 국제처 홈페이지 해외대학정보 공지글 참고)'),
    ('EUROPE', 'DE', '로이틀링겐 대학', 'Reutlingen University', '9', 'HOME_UNIVERSITY_PAYMENT', '1개학기', '72', '550', '785', '5.5', NULL, NULL, NULL, NULL, '독일어 공인성적으로 지원할 경우, B2 레벨에 준하는 성적을 보유하여야 함\n- 경영학(독일어 강의) 수강요건: 독일어 B2 이상의 증빙필요', NULL, NULL, '2', NULL, 'Hochschule Reutlingen – Reutlingen University: international, praxisnah, unternehmerisch (reutlingen-university.de)', '타전공 지원 및 수강 가능', '각 단과대학별 상이하므로 국제처 홈페이지 해외대학정보 Fact sheet 및 홈페이지 참조 바람', 'https://www.reutlingen-university.de/en/studies/student-life/student-accommodation', NULL),
    ('EUROPE', 'DE', '루트비히스하펜 경영사회대학교', 'Ludwigshafen University of Business and Society', '3', 'HOME_UNIVERSITY_PAYMENT', '무관', '72', '550', '785', '5.5', NULL, NULL, NULL, NULL, '독일어 공인성적으로 지원할 경우, B2 레벨에 준하는 성적을 보유하여야 함\n- 경영학(독일어 강의) 수강요건: 독일어 B2 이상의 증빙필요\n- 외국어 성적 유효기간이 파견대학의 학기 시작하는 날까지 유효해야함', NULL, NULL, '2', NULL, 'https://www.hwg-lu.de/en/', '타전공 지원 및 수강 가능', 'https://www.hwg-lu.de/international/exchange-students-from-partner-institutions/before-mobility/business-courses-in-english-bachelor', 'https://www.hwg-lu.de/international/exchange-students-from-partner-institutions/before-mobility/housing', '보험 관련 정보: https://www.hwg-lu.de/international/exchange-students-from-partner-institutions/before-mobility/health-insurance'),
    ('EUROPE', 'DE', '바덴뷔르템베르크 산학협력대학', 'Baden-Wuerttemberg cooperative state univ.(DHBW)', '2', 'HOME_UNIVERSITY_PAYMENT', '1개학기', '79', '550', '765', '6', NULL, NULL, NULL, NULL, '영어 점수는 다음의 세부영역 점수를 각각 만족해야 함\n   - TOEFL IBT: 읽기 13점, 쓰기 21점, 듣기 13점, 말하기 18점 이상\n- 독일어 공인성적으로 지원할 경우, B2 레벨에 준하는 성적을 보유하여야 함\n- 외국어 성적 유효기간이 파견대학의 학기 시작하는 날까지 유효해야함', '2.5', '4.0', '2', NULL, 'https://www.dhbw-stuttgart.de/', '- 타전공 지원 및 수강 가능\n- International Study Programme(ISP) 내 수업만 수강 가능', 'https://www.dhbw-stuttgart.de/studium/internationales/international-students/exchange-students/academic-information/', 'https://www.studierendenwerk-stuttgart.de/en/accommodation/', '기숙사 여석 부족으로 기숙사 배정을 못 받을 가능성 있음'),
    ('EUROPE', 'DE', '베를린자유대학교', 'Freie Universitat Berlin', '3', 'HOME_UNIVERSITY_PAYMENT', '1개학기', '72', '550', '785', '5.5', NULL, NULL, NULL, NULL, '- Department of Humanities, Social Science, Business Administration and Economics 수강요건: 독일어 공인성적 B2 레벨 이상의 증빙 필수, Department of Natural Science 수강요건: 독일어 공인성적 B1 레벨 이상 증빙 필수\n- John F Kennedy Institute for North American Studies 수강요건: 영어 공인성적 C1 레벨 이상의 증빙 필수', NULL, NULL, '2', NULL, 'https://www.fu-berlin.de/en/', '타전공 지원 및 수강 가능\n- 지원 불가능 전공: Pharmacy, Human Medicine and Veterinary Medicine\n- Biochemistry, Bioinformatics and Biology, Law 지원 제한적 (학과 사전승인 필요)\n- Business Administration, Economics 학과 수업 대부분이 독일어로 진행, 독일어 가능자 지원 권장', '※ 주로 Departments of English and North American Studies에서 영어강의 제공, 이 외의 학과 영어수업 제한적\nhttps://www.fu-berlin.de/vv/en/fb', 'http://www.fu-berlin.de/en/sites/unterbringung', '- 기숙사 신청 제한적, 여석 부족으로 기숙사 배정을 못 받을 가능성 있음\n- 보험 관련 정보: http://www.fu-berlin.de/en/studium/international/studium_fu/einreise_aufenthalt/krankenversicherung'),
    ('EUROPE', 'DE', '뷔르츠부르크-슈바인푸르트 대학', 'Technical University of Applied Sciences Wurzburg-Schweinfurt', '4', 'HOME_UNIVERSITY_PAYMENT', '1개학기', '72', '550', '785', '5.5', NULL, NULL, NULL, NULL, '- 독일어 공인성적으로 지원할 경우, B2 레벨에 준하는 성적을 보유하여야 함\n- 어학성적 파견 대학 지원시까지 유효하여야함', '2.5', '4', '4', NULL, 'Incoming Exchange students :: University of Applied Sciences Würzburg-Schweinfurt (fhws.de)', '※ Faculty of Economics, Business Administration에 한하여 지원 가능\n- 파견대학에 지원하는 전공과 본교 전공이 일치해야함(복수전공, 부전공 가능)', 'https://fwiwi.thws.de/en/international/incoming-exchange-students/studying-at-fhws/schedule/', 'https://www.studentenwerk-wuerzburg.de/en/wohnen/move-in-guide.html', '보험 관련 정보: https://international.fhws.de/en/fhws-international/ways-to-fhws/applicants-and-student-support/before-your-arrival-at-fhws/'),
    ('EUROPE', 'DE', '슈말칼덴 응용과학대학', 'Hochschule Schmalkalden University of Applied Sciences', '3', 'HOME_UNIVERSITY_PAYMENT', '무관', '72', '550', '785', '5.5', NULL, NULL, NULL, NULL, NULL, NULL, NULL, '2', NULL, 'https://www.hs-schmalkalden.de/en.html', '타전공 지원 및 수강 가능', 'https://www.hs-schmalkalden.de/en/international/incoming-students/courses-for-incomings/exchange-students', 'https://www.stw-thueringen.de/en/housing/', '- 기숙사 신청 제한적\n- 보험 관련정보: https://signupbarmer.de/?utm_source=barmer_schmalkalden'),
    ('EUROPE', 'DE', '슈투트가르트 공과대학', 'Stuttgart University of Applied Sciences', '3', 'HOME_UNIVERSITY_PAYMENT', '1개학기', '80', NULL, NULL, '6', NULL, NULL, NULL, NULL, '영어 점수는 다음의 세부영역 점수를 각각 만족해야 함\n   - IELTS: 모든 영역에서 6.0 이상', NULL, NULL, '2', NULL, 'www.hft-stuttgart.de', '- 타전공 지원 및 수강 가능\n- 지원 불가 전공: International Project Management, Smart City Solution\n- Civil Engineering, Surveying, Mathematic : 독일어 가능자 지원 권장, Architecture, Interior Architecture and General Management : 독일어 수업 수강 필수', 'https://www.hft-stuttgart.com/international/incoming-students/information-application', 'https://www.hft-stuttgart.com/international/incoming-students/services#c15978', '기숙사 신청 제한적'),
    ('EUROPE', 'DE', '아샤펜부르크 대학', 'University of Applied Sciences Aschaffenburg', '2', 'HOME_UNIVERSITY_PAYMENT', '무관', '70', '500', '780', '5', NULL, NULL, NULL, NULL, '어학성적 파견 대학 지원시까지 유효하여야함', NULL, NULL, '2', NULL, 'www.th-ab.de/eng', '- 타전공 지원 및 수강 가능\n- 지원 불가 전공 : Health, Midwifery, Extra-occupational courses', 'www.th-ab.de/course-offer', 'https://www.studentenwerk-wuerzburg.de/en/aschaffenburg/student-residences.html', NULL),
    ('EUROPE', 'DE', '아우크스부르크대학', 'Augsburg University of Applied Sciences', '2', 'HOME_UNIVERSITY_PAYMENT', '1개학기', '72', '550', '785', '5.5', NULL, NULL, NULL, NULL, NULL, NULL, NULL, '2', NULL, 'https://www.hs-augsburg.de/', '- 파견대학에 지원하는 전공과 본교 전공이 일치해야함\n- Department of Architecture and Civil Engineering의 경우 영어강의 제공하지 않음', 'https://www.hs-augsburg.de/en/International/Course-Catalogue.html', 'https://www.hs-augsburg.de/Binaries/Binary49994/EN-Guideline-for-finding-accomondation.pdf', NULL),
    ('EUROPE', 'DE', '알브슈타트 지그마링엔 대학', 'Albstadt-Sigmaringen University of Applied Science', '4', 'HOME_UNIVERSITY_PAYMENT', '1개학기', NULL, NULL, '650', '5.5', NULL, NULL, NULL, NULL, '- 독일어 공인성적으로 지원할 경우, B2 레벨에 준하는 성적을 보유하여야 함\n- 영어스피킹 중급 이상 학생 지원 권장\n- 어학성적 파견 대학 지원시까지 유효하여야함', NULL, NULL, '3', NULL, 'https://www.hs-albsig.de/studieninfos/im-studium/international-office', '타전공 지원 및 수강 가능', 'https://www.hs-albsig.de/fileadmin/user_upload/hsas/International_Office/Courses_in_English_HS_AlbSig.pdf', 'https://www.my-stuwe.de/en/housing/halls-of-residence-albstadt/', '- 독일 어학 수업 수강 필수\n- 독일어 어학성적으로 지원하는 경우에 한하여 2학기로도 지원 가능'),
    ('EUROPE', 'DE', '에어랑엔 뉘른베르크 대학', 'University of Erlangen Nuremberg', '3', 'HOME_UNIVERSITY_PAYMENT', '1개학기', '72', '550', '785', '5.5', NULL, NULL, NULL, NULL, '어학성적 파견 대학 지원시까지 유효하여야함', NULL, NULL, '2', NULL, 'Exchange programme students › Friedrich-Alexander-Universität Erlangen-Nürnberg (fau.eu)', '- 파견대학에 지원하는 전공과 본교 전공이 일치해야함\n- 지원 불가능 전공: Human medicine, dentistry, pharmacy, law and psychology. Practical sports', 'https://www.campo.fau.de/qisserver/pages/cm/exa/coursecatalog/showCourseCatalog.xhtml?_flowId=showCourseCatalog-flow&_flowExecutionKey=e1s1&noDBAction=y&init=y', 'https://www.fau.eu/education/student-life/accommodation-2/', NULL),
    ('EUROPE', 'DE', '오토폰귀릭케마그데부르그 대학', 'Otto von Guericke University of Magdeburg', '2', 'HOME_UNIVERSITY_PAYMENT', '무관', '80', '500', '785', '5', NULL, NULL, 'DUOLINGO', '110', '- 독일어 공인성적으로 지원할 경우, B2 레벨에 준하는 성적을 보유하여야 함\n- 어학성적 파견 대학 지원시까지 유효하여야함', '3', '4', '4', NULL, 'https://www.ovgu.de/en/International/Incoming+_+Ways+to+the+University/International+Students/Exchange+Programmes.html', '- 파견대학에 지원하는 전공과 본교 전공이 일치해야함\n- 지원 불가 전공: Medicine', 'https://www.ovgu.de/unimagdeburg/en/International/Incoming+_+Ways+to+the+University/International+Students/Exchange+Programmes/Studying+as+a+WORLDWIDE+Exchange+Student-p-48750.html', 'https://tl1host.eu/SWMD/#admission', NULL),
    ('EUROPE', 'DE', '올덴부르크 대학', 'Carl von Ossietzky University of Oldenburg', '2', 'HOME_UNIVERSITY_PAYMENT', '1개학기', '42', NULL, '550\n(S/W 제출)', '4', NULL, NULL, NULL, NULL, '영어 점수는 다음의 세부영역 점수를 각각 만족해야 함\n   - TOEIC S/W : 말하기 120점 이상, 쓰기 120점 이상\n - 독일어 공인성적으로 지원할 경우, B2 레벨에 준하는 성적을 보유하여야 함\n - 외국어 성적 유효기간이 파견대학의 학기 시작하는 시점까지 유효해야 함', NULL, NULL, '2', NULL, 'uol.de/exchange-studies', '- 타전공 지원 및 수강 가능\n- 지원 불가 전공: Medicine, Programmes offered by the Centre for Lifelong Learning', 'https://elearning.uni-oldenburg.de/plugins.php/veranstaltungsverzeichnis_lvsg/englishmodules?vvz_sem_select=e770f053fbe29f2d1bd56a01d0dde1d0', 'https://uol.de/en/exchange-studies/living-in-oldenburg', '보헙관련 정보: https://uol.de/en/exchange-studies/health-insurance'),
    ('EUROPE', 'DE', '제플린대학', 'Zepplin University', '3', 'HOME_UNIVERSITY_PAYMENT', '1개학기', '90', '543', NULL, '6.5', NULL, NULL, NULL, NULL, '독일어 공인성적으로 지원할 경우, B2 레벨에 준하는 성적을 보유하여야 함\n- 어학성적 파견 대학 지원시까지 유효하여야함', NULL, NULL, '2', NULL, 'https://www.zu.de/', '타전공 지원 및 수강 가능', 'https://zuhause.zeppelin-university.net/scripts/mgrqispi.dll?APPNAME=CampusNet&PRGNAME=ACTION&ARGUMENTS=-AXFLjV7~Wgj~xhfmwa1nYvK3AVqeNsVYlJE1s9BJUvPyN3hZATz-SN~fW4BQGvcqQrbg69LM7Vb2PmCS13njtn6vY7wlZ3PR0VVc--5~HKXDORfzpyZYMWO-LB2OopwYkzVvJJ~JUF3g150btYFH8iNVzj12-lBywRT6Aplt7cIeSaUbvmD5Cny-23I6rfUTkzn1OdViRhkbSGv0_', 'https://www.zeppelin-university.com/info-wAssets/universitaet/dokumente/international-office/housing.pdf', NULL),
    ('EUROPE', 'DE', '쳄니츠 공과대학', 'Chemnitz University of Technology', '2', 'HOME_UNIVERSITY_PAYMENT', '무관', '72', '550', '785', '5.5', NULL, NULL, NULL, NULL, NULL, NULL, NULL, '2', NULL, 'https://www.tu-chemnitz.de/', '타전공 지원 및 수강 가능\n- 지원 제한 전공 : Psychology', 'https://www.tu-chemnitz.de/international/incoming/erasmus/vlvz.php.en', 'https://www.swcz.de/en/student-housing/our-halls-of-residence/', NULL),
    ('EUROPE', 'DE', '칼스루에 대학', 'Karlsruhe University of Applied Sciences', '3', 'HOME_UNIVERSITY_PAYMENT', '1개학기', '72', '550', '785', '5.5', NULL, NULL, NULL, NULL, '독일어 공인성적으로 지원할 경우, B2 레벨에 준하는 성적을 보유하여야 함', NULL, NULL, '2', NULL, 'Die HKA - Die Hochschule Karlsruhe:: Homepage (h-ka.de)', '타전공 지원 및 수강 가능', 'https://www.h-ka.de/en/internationalprogram/summer-semester#c33228', 'https://www.h-ka.de/en/accommodation', NULL),
    ('EUROPE', 'DE', '하일브론 과학대학교', 'Heilbronn University of Applied Sciences', '2', 'HOME_UNIVERSITY_PAYMENT', '1개학기', '72', '550', '785', '5.5', NULL, NULL, NULL, NULL, NULL, NULL, NULL, '3', NULL, 'https://www.hs-heilbronn.de/en/incoming-exchange-students', '※ Faculty of Business Administration, Global Finance and Banking, Economics에 한하여 지원 가능\n- Campus Schwäbisch Hall, Campus Künzelsau 내 강의 수강 가능', 'https://cdn.hs-heilbronn.de/4641dc9db5209412/389f4f6cac1d/English-Course-Offer-and-Course-descriptions-Campus-Schw-bisch-Hall_WS-2023-24.pdf', 'https://www.hs-heilbronn.de/accommodation', NULL),
    ('EUROPE', 'SE', '말뫼대학', 'Malmo University', '1', 'HOME_UNIVERSITY_PAYMENT', '무관', '72', '543', '785', '5.5', NULL, NULL, 'CEFR', 'B2', NULL, NULL, NULL, '2', NULL, 'https://student.mau.se/en/go-international/exchange-studies/', '- 주전공과 지원전공이 반드시 일치할 필요는 없으나 본교에서 기초과목을 이수하여야 함\n- 학기당 최소 30ECTS 수강필수\n- 지원불가전공: Nursing/Dentitstry/Odontology 등\n- 교차 수강 가능', 'The previous year\'s courses open for Exchange students : https://mau.se/en/study-education/?r.PagingNumber=1&r.Languages=en&r.Query=&r.TypesSelected=67498&r.Sort=alphabetically', '-  재공하나 보장되는 것은 아님- 1인실 기준으로 4830~5387SEK/1달- https://mau.se/en/education/housing/', NULL),
    ('EUROPE', 'SE', '보라스 대학교', 'University College of Boras', '3', 'HOME_UNIVERSITY_PAYMENT', '무관', '90', NULL, '775', '6.5', NULL, NULL, NULL, NULL, '- 영어 점수는 다음의 세부영역 점수를 각각 만족해야 함- TOEFL iBT: 쓰기 20점 이상- IELTS: 모든 영역에서 5.5이상', NULL, NULL, '4', '- 어학성적표가 해당 대학 신청서 제출 시 유효하여야 함(~11월 1일)', 'https://www.hb.se/en/international-student/exchange-students/', '- 소속전공과 지원전공이 반드시 일치할 필요는 없으나 일치하는 것을 권고함. 본교에서 기초과목을 이수하여야 함- 학기당 최소 30ECTS 수강필수- 교차 수강 가능(단, 선수과목이 지정되어있는 과목은 사전에 이수하여야 수강이 가능함)- 지원불가 전공 : Fashion Designer, Textile Design', 'https://www.hb.se/exchangecourses', '- 미제공, 외부숙소 지원- 2500~6000 SEK/1달- www.hb.se/en/accommodation', '2024년 봄학기 : 15 January - 2 June 2024- Orientation Days : 11-12 January 2024.'),
    ('EUROPE', 'CH', '취리히응용과학기술대학', 'Zurich University of Applied Sciences', '3', 'HOME_UNIVERSITY_PAYMENT', '무관', '83', NULL, '785(S/W제출)', '5.5', NULL, NULL, NULL, NULL, '- 영어 점수는 다음의 세부영역 점수를 각각 만족해야 함. TOEIC 말하기 160점 이상, 쓰기 150점 이상', '2.5', '4.5', '3', '선발인원 중 차순위 합격자는 학기제한(1개 학기)이 있을 수 있음', 'https://www.zhaw.ch/en/engineering/study/international-office/studying-in-switzerland/#c96360', '-주전공 혹은 제2전공(혹은 연계전공과) 지원 권장', 'https://www.zhaw.ch/storage/engineering/studium/internationales-studium/vom-ausland-in-die-schweiz/spring_semester_zhaw_school_of_engineering.pdf', 'https://www.zhaw.ch/en/study/before-your-studies/student-accommodation/#c72617', NULL),
    ('EUROPE', 'ES', '나바라대학교', 'Universidad de Navarra', '2', 'HOME_UNIVERSITY_PAYMENT', '무관', '80', NULL, NULL, '5.5', NULL, NULL, NULL, NULL, NULL, '2.5', '4', '3', '지원 전 권역 담당자와 사전상담 요망', 'https://www.unav.edu/web/facultad-de-derecho/estudiantes/programas-de-intercambio/incoming-students', '- School of Law로만지원가능(지원가능전공:international relations, law)- 반드시 24ECTS 이상을 수강하여야 함', NULL, NULL, NULL),
    ('EUROPE', 'ES', '마드리드카를로스3세 대학교', 'Universidad Carlos III de Madrid', '3', 'HOME_UNIVERSITY_PAYMENT', '무관', '72', '560', '800', '5', NULL, NULL, NULL, NULL, '영어과목이 다양하지 않으므로 신중한 지원 요망. 스페인어 공인어학성적(DELE 중급이상 성적)이 있을 시 추후 합격 후 담당자에게 제출하시길 권장드림(필수아님)', '2.7', '4.0', '3', NULL, 'https://www.uc3m.es/studies/international-exchange-students-in-UC3M-/bachelor-degrees', '- 영어과목이 제한적임.', 'https://www.uc3m.es/studies/international-exchage-students-in-UC3M/bachelor-degrees/course-offer', 'https://www.uc3m.es/studies/international-exchage-students-in-uc3m/bachelor-degrees/Accommodation', '기숙사 여석 많지않음'),
    ('EUROPE', 'ES', '예이다대학교', 'University of Lleida', '3', 'HOME_UNIVERSITY_PAYMENT', '1개학기', '75', NULL, '800', '5.5', NULL, NULL, NULL, NULL, 'TOEIC의 경우 S/W 합산 320점 이상 추가로 필수 제출', '2.5', '4', '2', NULL, 'www.udl.cat/ca/serveis/ori/', NULL, 'https://www.udl.cat/ca/serveis/ori/estudiantat_estranger/eng/infoeng/subjects/', 'http://www.udl.cat/ca/serveis/ori/estudiantat_estranger/eng/infoeng/accommodation/', NULL),
    ('EUROPE', 'GB', '헐대학', 'University of Hull', '3', 'HOME_UNIVERSITY_PAYMENT', '1개학기', '82', NULL, NULL, '6.5', NULL, NULL, NULL, NULL, '- 영어 점수는 다음의 세부영역 점수를 각각 만족해야 함  - TOEFL iBT : 듣기 및 쓰기 18점, 읽기 18점, 말하기 20점, 쓰기 18점 이상  - IELTS : 모든 영역에서 6.0이상', '3.5', '4', '4', '지원 전 권역 담당자와 사전상담 요망', 'https://www.hull.ac.uk/choose-hull/study-at-hull/need-to-know/key-dates', '제한학과 많음. (Factsheet참조및Factsheet언급된 제한학과  외에도 학기마다 제한학과 발생가능성있음). 지원 전 권역 담당자랑 사전상담 요망. 학기당 30ECTS수강해야 LA승인남. 성적처리 늦은 편이라 8차 학기 수학자는 성적처리 늦은 거 감안하고 추가 이에 따른 불편함이 있음을 인지후 지원요망.', 'https://universityofhull.app.box.com/s/mpvulz3yz0uijdt68rybce19nek0d8eh', 'https://www.hull.ac.uk/Choose-Hull/Student-life/Accommodation/accommodation.aspx', '영국 생활비 및 숙소비용 유럽권 지역 중 상대적으로 매우 높은편. 지원전 반드시 사전고려 요망'),
    ('EUROPE', 'AT', '그라츠 대학', 'University of Graz', '2', 'HOME_UNIVERSITY_PAYMENT', '무관', '72', '530', '770', '5.5', NULL, NULL, NULL, NULL, NULL, '2.5', '4', '3', '선발인원 중 차순위 합격자는 학기제한(1개 학기)이 있을 수 있음', 'https://international.uni-graz.at/en/incoming-exchange/exchange-students/ > go to "Selecting and Changing Courses"', '-주전공 혹은 제2전공(혹은 연계전공과) 유관학과여아 함', 'https://static.uni-graz.at/fileadmin/veranstaltungen/orientation/documents/incstud_application-courses.pdf', 'https://orientation.uni-graz.at/de/planning-the-arrival/accommodation/', '학교인근 외부 숙소는 있지만, 외부업체운영숙소라 대학관할아님'),
    ('EUROPE', 'AT', '그라츠공과대학', 'Graz University of Technology', '2', 'HOME_UNIVERSITY_PAYMENT', '무관', '72', NULL, '785(S/W제출필수)', '6', NULL, NULL, NULL, NULL, '- 영어 점수는 다음의 세부영역 점수를 각각 만족해야 함  - TOEFL IBT: 읽기 18점 이상, 쓰기 17점 이상, 말하기 20점 이상, 듣기 17점 이상  - IELTS: 쓰기 5.5점 이상, 말하기 6점 이상 - TOEIC의 경우 S/W 점수 합산 310점 이상', '2.5', '4', '2', '선발인원 중 차순위 합격자는 학기제한(1개 학기)이 있을 수 있음', 'https://www.tugraz.at/fileadmin/user_upload/tugrazInternal/Studium/International_studieren_und_lehren/Mobilitaetsprogramme/OverSEAs_Factsheet.pdf', '-주전공 혹은 제2전공(혹은 연계전공과) 유관학과여아 함', 'https://tugraz.at/go/search-courses', 'https://www.tugraz.at/en/studying-and-teaching/studying-internationally/incoming-students-exchange-at-tu-graz/your-stay-at-tu-graz/preparation#c75033', '자체기숙사는 없음. 교환학생이 많이 지원한 학기에는 예약이 어려울 수도 있음(선착순 경우많음). 더블룸 기준약 한달에 € 340 per month (기숙사 종류게 따라 가격 차이 유) 예산잡으면됨.'),
    ('EUROPE', 'AT', '린츠 카톨릭 대학교', 'Catholic Private University Linz', '2', 'HOME_UNIVERSITY_PAYMENT', '1개학기', '80', NULL, '800', '6', NULL, NULL, NULL, NULL, NULL, NULL, NULL, '3', '봄학기에는 영어과목이 극히 제한적으로 열린다고 함. 지원 전 권역 담당자와 사전상담 요망', 'https://ku-linz.at/en', '- 지원가능전공: History, Philosophy, Art History, theology\n(영어과목 수가 그리 많지는 않으므로, 사전 확인필요)\n - 학기당 최소 15ECTS 수강신청해야 함', 'KULIS - ku-linz.at', '학교에서 몇가지 기숙사 옵션 합격시 연결예정.', NULL),
    ('EUROPE', 'AT', '빈 공과대학교', 'University of Applied Sciences Technikum Wien', '2', 'HOME_UNIVERSITY_PAYMENT', '무관', '72', '560', '800', '6', NULL, NULL, NULL, NULL, NULL, '2.5', '4', '3', '선발인원 중 차순위 합격자는 학기제한(1개 학기)이 있을 수 있음', 'https://www.technikum-wien.at/international/studierendenmobilitaet-2/', '지원전공과 일치하지 않아도 지원가능하나 유사전공자만 지원가능하며, 본전공과 일치하지않으면 입학 및 수강에 불리할 수 있음 -학기당 최소 15.ECTS 수강신청해야함', 'https://www.technikum-wien.at/en/international/student-mobility/', '기숙사없음', NULL),
    ('EUROPE', 'IT', '밀라노공과대학', 'Polytechnic University of Milan', '2', 'HOME_UNIVERSITY_PAYMENT', '1개학기', '84', NULL, NULL, '5', NULL, NULL, NULL, NULL, NULL, '2.5', '4.5', '5', '지원 전 권역 담당자와 사전상담요망. 주로 학부보다 석사과정에 영어교과목이 개설된 편', 'https://www.polimi.it/en/international-prospective-students/laurea-magistrale-programmes-equivalent-to-master-of-science/programme-catalogue/', NULL, NULL, NULL, '양교 교류협약에 따라, Bovisa 캠퍼스로만 지원가능'),
    ('EUROPE', 'IT', '베르가모 대학', 'University of Bergamo', '2', 'HOME_UNIVERSITY_PAYMENT', '1개학기', '77', NULL, '820', '5.5', NULL, NULL, NULL, NULL, '- 영어 점수는 다음의 세부영역 점수를 각각 만족해야 함\n  - TOEFL IBT: 쓰기 19점 이상, 말하기 19점 이상\n  - IELTS: 쓰기 5.5점 이상, 말하기 6점 이상', '2.5', '4.5', '3', '지원 전 권역 담당자와 사전상담 요망. 기존 파견자 없어서 후기 자료없음.', 'https://en.unibg.it/international/students-exchange', '지원 전 권역 담당자와 사전상담 요망', NULL, NULL, NULL),
    ('EUROPE', 'IT', '카포스카리대학교', 'University of Ca\'Poscari', '5', 'HOME_UNIVERSITY_PAYMENT', '무관', '73', NULL, '790', '5.5', NULL, NULL, NULL, NULL, NULL, NULL, NULL, '3', NULL, 'https://www.unive.it/data/9639/?aa=2023&titolo=&periodo=&anno_corso=&ssd=&livello=&cds=&sede=&pagina=', NULL, 'https://www.unive.it/data/9639/?aa=2023&titolo=&periodo=&anno_corso=&ssd=&livello=&cds=&sede=&pagina= you will also find an updated Ecxel file with all the courses listed', NULL, NULL),
    ('EUROPE', 'CZ', '오스트라바 대학', 'University of Ostrava', '3', 'HOME_UNIVERSITY_PAYMENT', '무관', '67', '515', '650', '5.5', NULL, NULL, NULL, NULL, NULL, '2', '4', '3', '지원 전 권역 담당자와 사전상담 요망', 'https://www.osu.eu', '지원전공과 본인 전공이 일치하지 않아도 지원가능하나 수업따라가기가 어려울 수 있으므로 배경지식이 없다면 지원에 신중할것.. Faculty ofFine Arts/Music/Medicine은 교환학생 지원불가학부임.', 'https://www.osu.eu/22821/courses/', 'https://koleje.osu.eu/', NULL),
    ('EUROPE', 'CZ', '체코 생명과학대학', 'Czech University of Life Sciences Prague', '2', 'HOME_UNIVERSITY_PAYMENT', '무관', '84', '565', '800', '5.5', NULL, NULL, NULL, NULL, NULL, NULL, NULL, '2', '선발인원 중 차순위 합격자는 학기제한(1개 학기)이 있을 수 있음', 'https://www.czu.cz/en/', '지원전공과 일치하지 않아도 지원가능하나 유사전공자만 지원가능하며, 본전공과 일치하지않으면 입학 및 수강에 불리할 수 있음 -학기당 최소 15.ECTS 수강신청해야함', 'https://www.czu.cz/en/r-9190-international-relations/r-17025-course-offer-academic-year-2023-2024', NULL, '기숙사 입사경쟁률 매우높음'),
    ('EUROPE', 'CZ', '프라하공과대학', 'Czech Technical University in Prague', '2', 'HOME_UNIVERSITY_PAYMENT', '무관', '78', '550', '800', '5.5', NULL, NULL, NULL, NULL, '- TOEIC R/C 최소 385점 이상  TOIEC L/C 최소 400점 이상', '2.5', '4.5', '2', NULL, 'https://international.cvut.cz/students/incoming-students/erasmus-and-exchange/', '지원전공과 일치하지 않아도 지원가능하나 유사전공자만 지원가능하며, 본전공과 일치하지않으면 입학 및 수강에 불리할 수 있음\n-학기당 최소 15.ECTS 수강신청해야함', 'https://legacy.mobility.cvut.cz/prospectus/2023/index.php', 'https://www.suz.cvut.cz/cz', '기숙사 월260유로 정도임'),
    ('EUROPE', 'PT', '리스본대학 공과대학', 'INSTITUTO SUPERIOR TECNICO-Universidade de Lisboa', '5', 'HOME_UNIVERSITY_PAYMENT', '무관', '75', '540', '785', '5.5', NULL, NULL, NULL, NULL, NULL, NULL, NULL, '3', NULL, NULL, '지원 전 권역 담당자와 사전상담 요망', 'http://www.catolicabs.porto.ucp.pt/en/international-mobility', '-기숙사 없음.', NULL),
    ('EUROPE', 'PT', '포르투갈 가톨릭대학', 'Catholic University of Portugal', '3', 'HOME_UNIVERSITY_PAYMENT', '1개학기', '80', '550', '800', '5.5', NULL, NULL, NULL, NULL, NULL, '2.5', '4', '2', '선발인원 중 차순위 합격자는 학기제한(1개 학기)이 있을 수 있음', 'https://www.catolicabs.porto.ucp.pt/en/catolicabs-porto', '-주전공 혹은 제2전공(혹은 연계전공과) 유관학과여아 함', 'https://catolicabs.porto.ucp.pt/international-programmes-0', NULL, NULL),
    ('EUROPE', 'FR', 'EBS Paris', 'EBS Paris', '2', 'HOME_UNIVERSITY_PAYMENT', '1개학기', '72', '530', '600', '5.5', NULL, NULL, NULL, NULL, NULL, '2', '4', '4', '- 어학성적표가 해당 대학 신청서 제출 시 유효하여야 함(~11월 15일)', 'https://www.ebs-paris.fr/', '- 지원전공이 본교 소속 전공 또는 제2전공과 일치하여야 함 : 경영학 과목만 개설됨- 교차 수강 가능- 최소 9, 최대 36ECTS 수강신청 가능', NULL, '- 미제공', '- 2024년 봄학기 : 2024년 1월 ~ 4월'),
    ('EUROPE', 'FR', 'EPITA', 'EPITA', '7', 'HOME_UNIVERSITY_PAYMENT', '무관', '80', NULL, '750', '6', NULL, NULL, 'CEFR', 'B2', NULL, NULL, NULL, '4', NULL, 'https://sway.office.com/u5VHBu9DbBH6Mr8F?ref=Link', '- 지원 가능 전공 : IT계열(컴퓨터공학)- 교차 수강 불가- 학기당 최소 15ECTS, 최대 30ECTS 수강', 'https://sway.office.com/u5VHBu9DbBH6Mr8F', '- 미제공하나 교환학생들이 외부 숙소를 찾을 수 있도록 지원- http://housing.epitamasters.com', NULL),
    ('EUROPE', 'FR', 'EPITECH', 'EPITECH(L\'echole de L\'expertise Informatique)', '3', 'HOME_UNIVERSITY_PAYMENT', '무관', '65', '543', '600', '5.5', NULL, NULL, 'CEFR', 'B2', NULL, NULL, NULL, '2', '- 어학성적표가 2024년 11월 1일까지 유효하여야 함', 'https://international.epitech.eu/', '- 지원가능전공: Computer Science / Information technology(소속전공과 지원전공이 일치하여야 함)- 교차수강 불가 - 학기당 최소 10ECTS, 최대 30ECTS 수강', 'https://international.epitech.eu/', '- 미제공하나 교환학생들이 외부 숙소를 찾을 수 있도록 지원- https://international.epitech.eu/student-life/', NULL),
    ('EUROPE', 'FR', 'ESCE 국제경영대학', 'ESCE International Business School', '2', 'HOME_UNIVERSITY_PAYMENT', '1개학기', '72', '543', '785', NULL, NULL, NULL, 'CEFR', 'B2', NULL, '2.5', '4', '6', NULL, 'http://www.esce.fr/international/', '- 지원가능전공: 경영학 계열(소속전공과 지원전공 일치) : - 교차 수강 가능- 학기당 최소 15ECTS, 최대 34ECTS 수강', NULL, '- 미제공- 숙소관련 문의 : gdesforges@omneseducation- 관련 링크 : https://www.studapart.com/en/studapart/student-accommodation?gad=1&gclid=Cj0KCQjw7uSkBhDGARIsAMCZNJvmPVROiqUSiAO69ks7UWWXcIKO1rGO_hXPmjlx72qsV1SF1VrEzRkaAjTQEALw_wcB', NULL),
    ('EUROPE', 'FR', 'ESSCA경영대학', 'Ecole Superieure des Sciences Commerciales d\'Anger', '3', 'HOME_UNIVERSITY_PAYMENT', '1개학기', '79', '550', '800', '5', NULL, NULL, NULL, NULL, NULL, NULL, NULL, '2', '- 어학성적표가 해당 대학 신청서 제출 시 유효하여야 함(~10월 30일)', 'https://www.essca.fr/en/international/exchange-student', '- 소속전공과 지원전공이 일치할 것을 권고함 : 경영학\n- 15ECTS 수강', 'https://pcee.azurewebsites.net', '- 미제공', NULL),
    ('EUROPE', 'FR', 'IPSA', 'IPSA', '3', 'HOME_UNIVERSITY_PAYMENT', '무관', '65', '500', '700', '4.5', NULL, NULL, NULL, NULL, NULL, NULL, NULL, '4', '- 어학성적표가 해당 대학 신청서 제출 시 유효하여야 함(~11월 15일)', 'https://www.ipsa.fr/en/engineering-school/aeronautical-space', '- 소속전공과 지원전공이 일치 또는 유사하여야 함 : 전공이 제한적이므로 반드시 홈페이지에서 지원 가능 전공을 확인할 것\n- 최대 30ECTS 수강', NULL, '-  미제공\n- https://www.ipsa.fr/en/student-life/pratical-information/', NULL),
    ('EUROPE', 'FR', 'ISEP', 'ISEP', '3', 'HOME_UNIVERSITY_PAYMENT', '무관', '79', '543', '785', '6.5', NULL, NULL, NULL, NULL, NULL, NULL, NULL, '4', '- 어학성적표가 해당 대학 개강일까지 유효해야 함', 'http://en.isep.fr/studying-at-isep/exchange-students', '- 소속전공과 지원전공이 일치하여야 함\n- 교차수강 가능\n- 최소 15ECT, 최대 33ECTS까지 수강', 'https://en.isep.fr/studying-at-isep/course-catalog/', '-  미제공\n- 외부숙소 배정에 대해 지원', NULL),
    ('EUROPE', 'FR', 'KEDGE경영대학', 'KEDGE Business School', '2', 'HOME_UNIVERSITY_PAYMENT', '1개학기', '79', '550', '785', '6', NULL, NULL, NULL, NULL, NULL, NULL, NULL, '2', '- 어학성적표가 해당 대학 신청서 제출 시 유효하여야 함(~10월 15일)', 'https://student.kedge.edu', '- 지원가능전공: 경영학계열\n- 학기당 최소 15ECTS, 최소 30~35ETS 수강해야 함\n(Program에 따라 상이함)', 'https://student.kedge.edu/exchange-programmes/academic-information', '- 미제공\n- https://student.kedge.edu/student-services/prepare-my-studies-abroad/student-accommodation-in-france', NULL),
    ('EUROPE', 'FR', 'NEOMA경영대학', 'NEOMA Business School', '3', 'HOME_UNIVERSITY_PAYMENT', '1개학기', '72', '543', '785', '5.5', NULL, NULL, 'CEFR', 'B2', NULL, NULL, NULL, '2', NULL, 'https://neoma-bs.com/', '- 지원가능전공 : 경영학계열(소속대학에서 경영학 관련 기초 과목을 이수하여야 함)\n- 학기당 최소 20ECTS, 최대 30ECTS 수강', 'https://neoma-bs.com/welcome-to-neoma/steps/step-4-courses/', '- 교외 숙소 제공\n- 한달에 250~600€\n- https://neoma-bs.com/welcome-to-neoma/steps/step-3-housing/', NULL),
    ('EUROPE', 'FR', '국제정치대학', 'HEIP', '2', 'HOME_UNIVERSITY_PAYMENT', '1개학기', '72', '543', '785', NULL, NULL, NULL, 'CEFR', 'B2', NULL, '2.5', '4', '6', NULL, 'www.heip.fr/', '- 소속 전공과 지원전공이 일치해야 함\n- 교차수강 가능\n- 최소 15ECTS, 최대 30ECTS 수강신청 가능', NULL, '- 미제공\n- 숙소관련 문의 : gdesforges@omneseducation\n- 관련 링크 : https://www.studapart.com/en/studapart/student-accommodation?gad=1&gclid=Cj0KCQjw7uSkBhDGARIsAMCZNJvmPVROiqUSiAO69ks7UWWXcIKO1rGO_hXPmjlx72qsV1SF1VrEzRkaAjTQEALw_wcB', NULL),
    ('EUROPE', 'FR', '노르망디경영대학', 'EM NORMANDIE BUSINESS SCHOOL', '2', 'HOME_UNIVERSITY_PAYMENT', '1개학기', '72', NULL, '750', '5.5', NULL, NULL, NULL, NULL, '*  수강 과정에 따라 영어 성적이 상의하니 유의할 것\n- UNDERGRADUATE: IBT 72/ TOEIC 750/ IELTS 5.5 \n- GRADUATE:  IBT 83/ TOEIC 790/ IELTS 6.0', NULL, NULL, '60ECTS 이상 이수해야 함', '- 어학성적표가 해당 대학 신청서 제출 시 유효해야 함(~10월 31일)\n- 최저 성적요건은 프로그램에 따라 상이함(별도 문의할 것)\n- 최저이수학기 : 2개 학기 이상 이수하고, 60ECTS 이상 취득하여야 함(세부 문의는 국제교류팀으로 연락)', 'https://www.em-normandie.com/fr', '- 개설전공 : 경영경상계열, 물류(소속전공과 지원전공이 일치할 것을 권고)\n- 전공간 교차수강 불가\n- 최소 수강학점 : 15ECTS', 'https://en.em-normandie.com/em-normandie-experience/open-world-studying-abroad/exchange-programmes', '- 미제공\n- https://en.em-normandie.com/em-normandie-experience/open-world-studying-abroad/exchange-programmes', NULL),
    ('EUROPE', 'FR', '라로쉘경영대학', 'La Rochelle Business School', '3', 'HOME_UNIVERSITY_PAYMENT', '1개학기', '70', NULL, NULL, NULL, NULL, NULL, NULL, NULL, NULL, NULL, NULL, '2', NULL, 'https://www.excelia-group.com/student-services', '- 소속전공과 지원전공이 반드시 일치할 필요는 없으나 기초과목을 이수해야 함\n- 최대 30ECTS 수강', 'https://www.excelia-group.com/student-services/international-students/exchange-students/programmes-details', '-  미제공\n- https://excelia-group.studapart.com/en/', '2024 봄학기 : January - April/May \n(depending on the program of study)'),
    ('EUROPE', 'FR', '렌 경영대학', 'ESC Rennes School of Business', '2', 'HOME_UNIVERSITY_PAYMENT', '1개학기', '72', '543', '785', '5.5', NULL, NULL, 'CEFR', 'B2', NULL, NULL, NULL, '120ECTS 이상 이수해야 함\n(비고란 참조)', '-어학성적표가 해당 대학 신청서 제출 시 유효하여야 함(~10월 20일)\n- 최저이수학기 : 120ECTS 이상 취득하여야 함(세부 문의는 국제교류팀으로 연락)', 'https://www.rennes-sb.com/programmes/exchange-programme/', '- 지원가능전공: 경영학계열(소속전공과 지원전공이 일치 또는 유사하여야 함, 기초과목을 이수해야 함)- 교차수강 불가- 최소 15에서 최대 34ECTS(프로그램에 따라 학기당 수강 가능 ECTS가 상이함)', 'https://www.rennes-sb.com/programmes/exchange-programme/incoming-exchange-students/', '- 미제공- 숙소 예약에 대한 가이드 제공- https://www.rennes-sb.com/student-life/accommodation-health/', NULL),
    ('EUROPE', 'FR', '르아브르대학', 'University of Le Havre', '3', 'HOME_UNIVERSITY_PAYMENT', '무관', '72', '543', '785', '5.5', NULL, NULL, 'CEFR', 'B2', NULL, NULL, NULL, '2', NULL, 'https://www.univ-lehavre.fr', '- 교차수강 가능- 학기당 최소 15 ECTS 수강', '추후 이메일로 안내 예정', '- 기숙사제공(CROUS)- https://www.univ-lehavre.fr/spip.php?article70', NULL),
    ('EUROPE', 'FR', '릴 가톨릭 대학', 'Lille Catholic University', '5', 'HOME_UNIVERSITY_PAYMENT', '1개학기', '72', '543', '785', '5.5', NULL, NULL, 'CEFR', 'B2', NULL, '2.75', '4', '2', NULL, 'http://www.univ-catholille.fr/', '- 주전공과 지원전공이 일치하여야 함- 최대 두 개의  establishment에서 수강 가능- 지원불가능전공: Medicine, Midwifery, Nursing, Physiotherapy, Chiropody, Law, Digital animations and Video gamrs / 2nd year of Master- 최소 20ECTS 수강', 'https://www.univ-catholille.fr/sites/default/files/fichiers/VF%20Catalogue%20cours%20en%20anglais%202022-2023_0.pdf', '- 기숙사 제공(선착순)- https://www.all-lacatho.fr/en/', NULL),
    ('EUROPE', 'FR', '릴 가톨릭 대학(ESTICE)', 'Lille Catholic University', '2', 'HOME_UNIVERSITY_PAYMENT', '1개학기', '70', '540', '780', '5.5', NULL, NULL, 'CEFR', 'B2', NULL, NULL, NULL, '2', '어학성적이 2024년 1월까지 유효해야 함', 'http://www.univ-catholille.fr/', '- 경영대학과 릴 카톨릭대학 ESTICE와의 별도 협약에 따라 경영대학 소속 학생에 한하여 선발함- 주전공과 지원전공이 일치할 것을 권고함(필수는 아님)- ESTIC에서 개설된 교과목만 수강 가능- 최소 12~최대 32ECTS 수강', 'https://estice.fr/programs/', '- 미제공- https://www.all-lacatho.fr/en/list-accommodation', NULL),
    ('EUROPE', 'FR', '몽펠리에 대학교', 'Universite Montpellier 1', '2', 'HOME_UNIVERSITY_PAYMENT', '1개학기', '72', '543', '785', '5.5', NULL, NULL, 'CEFR', 'B2', NULL, NULL, NULL, '3', NULL, 'https://www.umontpellier.fr/university-of-montpell', '- 소속대전공과 지원전공이 일치할 필요 없음- 교차수강 불가하며 교확학생에게 오픈된 교과목만 수강 가능', 'https://iae.umontpellier.fr/en/institut/exchange-students', '-  제공(선착순)- 1200EUR/1학기-https://iae.umontpellier.fr/en/institut/accommodation', NULL),
    ('EUROPE', 'FR', '발드센느대학', 'Ecole d\'Architecture, Paris Val de Seine', '2', 'HOME_UNIVERSITY_PAYMENT', '1개학기', '72', '543', '785', '5.5', NULL, NULL, 'French language test', 'B1', '- 프랑스어 성적 제출이 필수는 아니나 대부분의 과목이 프랑스어로 진행되므로 프랑스어를 사전에 공부할 것을 권고함', NULL, NULL, '2', NULL, 'https://www.paris-valdeseine.archi.fr/', '- 지원가능전공: 건축학부 재학생에 함함', 'https://www.paris-valdeseine.archi.fr/fileadmin/mediatheque/document/International/etudiants_entrants/English_speaking_classes.pdf', '-  미제공', NULL),
    ('EUROPE', 'FR', '부르군디 경영대학', 'Burgundy School of Business', '3', 'HOME_UNIVERSITY_PAYMENT', '1개학기', '80', NULL, '750', '6', NULL, NULL, 'CEFR\n\n\nDuolingo', 'B1\n\n\n80', NULL, NULL, NULL, '4', '- 어학성적표가 11월 30일까지 유효하여야 함\n- 최저이수학기 관련 : "How to choose my courses" : https://international.bsb-education.com/course-catalogues/?lang=en 참조', 'https://www.bsb-education.com/', '- 서로 다른 프로그램, 언어, 학과 교차 수강 불가능\n- 제한 전공 : https://international.bsb-education.com/course-catalogues/?lang=en', 'https://international.bsb-education.com/course-catalogues/?lang=en', '- 학교 직영 기숙사는 없으나 CROUS, STUDAPART과 제휴한 숙소 제공(선착순)\n- https://www.studapart.com/fr', NULL),
    ('EUROPE', 'FR', '오덴시아 낭트 경영대학', 'Audencia Business School', '3', 'HOME_UNIVERSITY_PAYMENT', '1개학기', '72', '543', '785', '5.5', NULL, NULL, 'CEFR', 'B2', NULL, NULL, NULL, '3', NULL, 'https://apply.exchangestudents.audencia.com/', '- 경영학계열, 소속 전공과 지원전공이 반드시 일치할 필요는 없으나 관련 기초과목을 이수하여야 함\n- 학기당 15~30ECTS 수강', 'https://apply.exchangestudents.audencia.com/index.cfm?FuseAction=Abroad.ViewLink&Parent_ID=FE40C425-5056-BA1F-74632B3DF27C287E&Link_ID=0365089E-9F2E-9844-AB9F3ABC4462019B', '- 미제공\n- https://www.expatistan.com/cost-of-living/nantes', '- https://international.audencia.com/student-life/before-you-arrive'),
    ('EUROPE', 'FR', '장물랭리옹3세대학교', 'Universite Jean Moulin Lyon 3', '3', 'HOME_UNIVERSITY_PAYMENT', '무관', '80', NULL, '1020', '6.5', NULL, NULL, NULL, NULL, '- 영어점수는 아래 각 세부점수를 만족해야 함\n  - TOEFL IBT: 모든 영역 20점 이상 \n   - IELTS: 모든 영역에서 6 이상 \n  - TOEIC: 말하기, 쓰기, 듣기, 읽기 영역 합산 1020점 이상', NULL, NULL, '3', NULL, 'https://www.univ-lyon3.fr/', '- 소속대 전공과 지원전공이 일치할 필요는 없으나 관련 기초과목을 이수하여야 함\n- 1년간 최소 8학점(프랑스어 5학점, 프랑스문화 3학점) 이상 이수\n- 교차수강 가능(2nd year of master law, LL.M제외)', 'https://www.univ-lyon3.fr/self-study-in-english-in-lyon-france', '- 외부숙소제공\n- https://associnterlyon3.fr/en/', NULL),
    ('EUROPE', 'FR', '툴루즈 경영대학교', 'Toulouse Business school', '2', 'HOME_UNIVERSITY_PAYMENT', '무관', '79', NULL, NULL, '6', NULL, NULL, 'CEFR', 'B2', NULL, NULL, NULL, '2', '- 어학성적표가 해당 대학 신청서 제출 시 유효하여야 함(~10월 26일)\n* 최저이수학기\n- Bachelor Year 2과정 : 최소 2개 학기 이상 이수\n- Bachelor Year 3과정 : 최소 4개 학기 이상 이수', 'www.tbs-education.fr/en', '- 지원가능전공: 경영경상계열(소속대학 전공이 관련 학과여야 함)\n- 하나의 프로그램 내에서 수강 가능\n- 최소 24ECTS 수강', 'https://www.tbs-education.com/about-tbs/international/incoming-exchange-students/', 'https://www.tbs-education.com/about-tbs/student-services/', NULL),
    ('EUROPE', 'FR', '툴루즈정치대학', 'Sciences Po Toulouse', '1', 'HOME_UNIVERSITY_PAYMENT', '1개학기', '72', '543', '785', '5.5', NULL, NULL, 'CEFR', 'B2', NULL, NULL, NULL, '2', '- 어학성적표가 해당 대학 신청서 제출 시 유효하여야 함(~11월 1일)', 'http://www.sciencespo-toulouse.fr/home-english-version-589930.kjsp', '- 소속대 전공과 지원전공이 반드시 일치할 필요는 없으나 관련 기초과목을 이수하여야 함', 'https://www.sciencespo-toulouse.fr/en/courses/university-diploma-in-international-comparative-studies', '- 미제공', NULL),
    ('EUROPE', 'FR', '파리8대학교', 'University of Paris 8', '2', 'HOME_UNIVERSITY_PAYMENT', '무관', '72', '543', '785', '5.5', NULL, NULL, 'DELF', 'B2', NULL, '3', '4', '2', NULL, 'www.univ-paris8.fr/en/', '- 소속 전공과 지원 전공이 일치하여야 함\n- 교차 수강 가능\n- 최대 학기당 30ECTS 수강 가능', 'https://www.univ-paris8.fr/-Etudes-diplomes-', '- 제공(단, 제한적이며 선착순 배정)\n- 1600EUR/학기당\n- https://www.univ-paris8.fr/-Informations-pratiques-', NULL),
    ('EUROPE', 'FI', 'LAB대학', 'Lahti University of Applied Sciences', '3', 'HOME_UNIVERSITY_PAYMENT', '1개학기', '72', NULL, NULL, '6', NULL, NULL, 'CEFR', 'B2', NULL, NULL, NULL, '2', NULL, 'https://www.lab.fi/en/exchange-student-guide/studies', '- 소속 전공과 지원전공이 일치해야 함 : 경영학, 경영정보공학으로 지원 가능 \n- 기초지식이 있는 경우에 한하여 교차수강 가능함(Design 및 Fine arts는 전공 학생만 수강 가능)\n- 학기당 30 ECTS 수강 권장', 'https://opinto-opas.lab.fi/70064/en/70060/70065?lang=en', '- 미제공\n- https://lab.fi/en/exchange-student-guide', '- 기존 "라티대학"이 "LAB대학"으로 교명 변경'),
    ('EUROPE', 'FI', '라펜란타기술대학교', 'Lappeenranta University of Technology', '3', 'HOME_UNIVERSITY_PAYMENT', '1개학기', '80', '460', '785', '6', NULL, NULL, NULL, NULL, NULL, NULL, NULL, '4', '- 어학성적표가 해당 대학 개강일까지 유효해야 함', 'https://www.lut.fi/en/studies/exchange-studies', '- 소속전공과 지원전공이 일치해야 함\n- 최소 수강 학점 20ECTS, 30ECTS 수강 권장', 'https://www.lut.fi/en/studies/exchange-studies/courses-exchange-students', '- 미제공\n- 교환학생의 경우 LOAS(www.loas.fi)를 통해 숙소를 신청함\n- 290~420EUR/1달\n- Lappeenranta Student Housing Foundation (LOAS) www.loas.fi/en', ''),
    ('EUROPE', 'FI', '투르크 응용과학대학', 'Turku University of Applied Sciences', '2', 'HOME_UNIVERSITY_PAYMENT', '1개학기', '72', '543', '785', '5.5', NULL, '', 'CEFR', 'B2', NULL, NULL, NULL, '3', NULL, 'https://www.tuas.fi/en/study-tuas/exchange-students/about/', '- 지원가능전공: Faculty of Engineering and Business 내 전공 지원 가능(우리대학의 경우 공과대학, 경영대학, 소프트융합대학 소속 학생만 신청 가능)\n- 소속대 전공과 지원전공이 일치해야 함\n- 학기당 최대 30ECTS 수강신청 가능', 'https://www.tuas.fi/en/study-tuas/exchange-students/courses/', '- 미제공\n- 한달에 280~370€\n- https://www.tuas.fi/en/study-tuas/exchange-students/accommodation/', NULL),
    ('EUROPE', 'FR', '트루아 공과대학', 'Universite de Technologie de Troyes', '2', 'HOME_UNIVERSITY_PAYMENT', '1년만 가능', '42', '460', '550', '4', NULL, NULL, 'CEFR', 'B1', NULL, NULL, NULL, '2', NULL, 'https://www.utt.fr/study-at-utt/academic-programs', '- 소속전공과 지원전공이 일치 또는 유사하여야 함\n- 교차 수강 가능\n- 한 학기 30ECTS를 수강 권고', 'https://www.utt.fr/study-at-utt/courses-in-english', '- 미제공\n- https://www.utt.fr/study-at-utt/accommodation', NULL),
    ('ASIA', 'BN', '브루나이 국립대학', 'Universiti Brunei Darussalam', '2', 'HOME_UNIVERSITY_PAYMENT', '무관', '80', '550', '750', '6', NULL, NULL, NULL, NULL, '-TOEFL IBT minimum Scores :\n Reading 18, Writing 23, Listing 18, Speaking 19\n- 영어성적은 교환학생을 하는 내내 유효한 성적표여야 함', '3', '5', '2', NULL, 'www.ubd.edu.bn/', '- 소속전공과 지원전공이 반드시 일치할 필요는 없음\n- 교차 수강 가능', NULL, '- 기숙사 보유(한학기에 250BND)', '- COVID 관련 안내 사이트 https://www.pmo.gov.bn/TAPressRelease/[FINAL]%20PR%20JKPC%2012023%20-%20Pengemaskinian%20Sukat-Sukat%20Pengawalan%20COVID-19.pdf\n-수업방식: 온라인, 오프라인 혼합'),
    ('ASIA', 'SG', '싱가폴경영대학', 'Singapore Management University', '5', 'HOME_UNIVERSITY_PAYMENT', '무관', '93', NULL, NULL, '7', NULL, NULL, NULL, NULL, '- 유효한 영어공인인증시험점수는 2021년 9월 26일 이후 응시한 시험점수에 한함\n- 어학점수 미보유 시 어학요건 기준에 준하는 어학실력을 보유하고 있다는 내용을 담은 지도교수 추천서를 제출하여 어학점수 갈음 가능', NULL, NULL, '2', NULL, 'https://publiceservices.smu.edu.sg/psc/ps/EMPLOYEE/HRMS/c/SIS_CR.SIS_CLASS_SEARCH.GBL?&', '- 소속전공과 지원전공이 반드시 일치할 필요는 없음\n- 교차 수강 가능', 'https://publiceservices.smu.edu.sg/psc/ps/EMPLOYEE/HRMS/c/SIS_CR.SIS_CLASS_SEARCH.GBL?&', '기숙사 없음', NULL),
    ('ASIA', 'AZ', '아다대학교', 'ADA University', '2', 'HOME_UNIVERSITY_PAYMENT', '1개학기', '72', '543', '605', '5.5', NULL, NULL, NULL, NULL, '- 유효한 영어공인인증시험점수는 2021년 11월 1일 이후 응시한 시험점수에 한함', '2', '4', '2', NULL, 'https://www.ada.edu.az/frq-content/plugins/policies_x1/entry/20220704132757_85764100.pdf', '- 소속전공과 지원전공이 반드시 일치할 필요는 없음\n- 교차 수강 가능\n-지원불가 전공: Master of Science in Computer Science & Data Analytics and Master of Science in Electrical & Power Engineering', 'https://www.ada.edu.az/frq-content/plugins/policies_x1/entry/20221226165811_72744800.pdf', '- 기숙사 보유 (한학기700-950 USD)', '-COVID 관련 안내 사이트 \nhttps://koronavirusinfo.az/az'),
    ('ASIA', 'ID', '비누스대학', 'BINUS University', '2', 'HOME_UNIVERSITY_PAYMENT', '1개학기', '79', '550', NULL, '6', NULL, NULL, NULL, NULL, 'IELTS overall band score of 6\n- 유효한 영어공인인증시험점수는 2022년 3월 1일 이후 응시한 시험점수에 한함', '2.75', '4', '2', NULL, 'https://bit.ly/binusexchange', '- 캠퍼스별 수강 가능 전공 다 다름 (매학기 변동 가능)\n- 아래 캠퍼스 별 수강 가능 전공 참조\n-BINUS International Senayan Campus: Fashion, Business, Computer Science, Accounting, Graphic Design and New Media, Communication, Business Information System, \n\n-BINUS Kemanggisan: Hotel Management, Tourism, Computer Science, Accounting, Civil & Industrial Engineering, Management, Marketing communication, Business Law, English Literature, Architecture\n\n-BINUS Alam Sutera: International Business Management, Computer Science, International Relations, Food Technology\n\n-BINUS Bekasi: Bar & Hotel Management', 'https://linktr.ee/binusexchange', '-  기숙사 보유 (교환학생들은 도착 후 Limited Stary Permit이 나오는 한달동안 반드시 기숙사에서 거주해야함)\n- 2인실 한달에 USD240, 1인실 한달에 USD280\n-https://binus.ac.id/binussquare/', NULL),
    ('ASIA', 'JP', '가나자와대학', 'Kanazawa University', '2', 'HOME_UNIVERSITY_PAYMENT', '무관', '72', NULL, '700', '5.5', NULL, 'N2', NULL, NULL, NULL, NULL, NULL, '2', 'College of Science and Engineering or College of Medical, Pharmaceutial and Health Sciences의 경우 3학년 이상만 신청 가능', 'https://kuglobal.w3.kanazawa-u.ac.jp/eg/sie/program/short-term-exchange-programs-at-kanazawa-university-2023-2024/', 'https://kuglobal.w3.kanazawa-u.ac.jp/wp/wp-content/uploads/KUEP2022-20231.pdf', 'https://eduweb.sta.kanazawa-.ac.jp/portal/Public/Syllabus/SearchMain.aspx', 'https://sgu.adm.kanazawa-u.ac.jp/international/wp-content/uploads/2022/04/03_GetStarted2022_upload.pdf', NULL),
    ('ASIA', 'JP', '가쿠슈인대학', 'Gakushuin University', '1', 'HOME_UNIVERSITY_PAYMENT', '무관', NULL, NULL, NULL, NULL, NULL, 'N4', NULL, NULL, 'Faculty of International social Sciences에 한해 영어점수 필요(TOEF L IBT 80, IELTS 6.0)\n-2년 이상의 일본어 공부 이력도 신청 가능', NULL, NULL, '2', NULL, 'https://www.univ.gakushuin.ac.jp/iss/en/program/registration.html', '지원불가 : Professional School of Law', NULL, 'WAKEIJUKU https://www.wakei.org/english/  KITAZONO WOMEN\'S STUDENT https://www.kitazono-j.co.jp/  CAMPUS VILLAGE KOTAKEMUKAIHARA https://749.jp/cd/2455/  CAMPUS VILLAGE AKATSUKASHINMACHI https://749.jp/cd/2442/', NULL),
    ('ASIA', 'JP', '긴다이대학', 'Kindai University', '2', 'HOME_UNIVERSITY_PAYMENT', '1개학기', '61', '500', NULL, '6', NULL, 'N2', NULL, NULL, NULL, '2.5', '4', '2', NULL, 'https://www.kindai.ac.jp/english/files/study-at-kindai/prospective.pdf', '- 학부생만 지원 가능\n- Higashiosaka campus만 지원 가능(약학과 지원불가)\n- 영어과정은 International Studies 또는 Business 계열만 가능', NULL, NULL, '기숙사 없음, 학교밖 숙소-약 270,000엔/학기'),
    ('ASIA', 'JP', '니가타대학', 'Niigata University', '9', 'HOME_UNIVERSITY_PAYMENT', '무관', NULL, NULL, NULL, NULL, NULL, 'N2', NULL, NULL, '교환학생 입학 기준은 별도로 없으나, 영어 일본어 교과목 수강을 위해서는 기본 언어능력 필요(일본어의 경우 N2)', NULL, NULL, '2', '2.30 points *NU 환산표 참조 :  https://www.niigata-u.ac.jp/en/wp-content/uploads/2020/12/method.pdf', 'https://www.niigata-u.ac.jp/en/study/exchange/', NULL, 'https://www.niigata-u.ac.jp/en/study/exchange/', 'https://www.niigata-u.ac.jp/en/study/life/housing/', NULL),
    ('ASIA', 'JP', '도요대학', 'Toyo University', '3', 'HOME_UNIVERSITY_PAYMENT', '무관', '72', NULL, '1530', '5.5', NULL, 'N3', NULL, NULL, 'TOEIC:TOEIC L&R+(TOEIC S&W*2.5)\n정규교과목 수강은 N2이상', '2.5', '4', '2', '*해당 학교 일정 상 10월초까지 서류제출 필요', 'https://www.toyo.ac.jp/en/international-exchange/prospective/Exchange-Program/', '-Hakusan Campus에서만 수강 가능, \n-교환학생을 위한 교과목만 수강 가능 https://www.toyo.ac.jp/en/international-exchange/prospective/Exchange-Program/#acl', NULL, 'https://www.toyo.ac.jp/contents/international-exchange/residence/index.php', NULL),
    ('ASIA', 'JP', '도요대학', 'Toyo University', '3', 'HOME_UNIVERSITY_PAYMENT', '1년', NULL, NULL, NULL, NULL, NULL, 'N2', NULL, NULL, NULL, '2.5', '4', '4', '*해당 학교 일정 상 10월초까지 서류제출 필요3+1 프로그램 신청자 대상으로 하는 별도 장학금 수혜 가능', 'https://www.toyo.ac.jp/en/international-exchange/prospective/Exchange-Program/', 'Hakusan Campus에서만 수강 가능', NULL, 'https://www.toyo.ac.jp/contents/international-exchange/residence/index.php', '- [3+1 프로그램]만 지원 가능 (현지 취업을 위한 맞춤형 프로그램, 파견차수 학기 유의할 것)- 3+1 프로그램은 6차, 7차 학기를 일본대학에서 수학하면서 현지에서 직장을 구한 후 인하대에서 마지막 8차 학기 이수하고 일본으로 돌아가 직장생활을 하는 프로그램임'),
    ('ASIA', 'JP', '돗쿄대학', 'Dokkyo University', '3', 'HOME_UNIVERSITY_PAYMENT', '무관', NULL, NULL, NULL, NULL, NULL, 'N4', NULL, NULL, NULL, NULL, NULL, '2', NULL, 'https://www.dokkyo.ac.jp/english/exchange/calendar/syllabus.html', NULL, NULL, 'https://www.dokkyo.ac.jp/english/exchange/student/accommodation.html', '기숙사 미보유, 교환학생을 위한 외부 숙소 보장- 280,000엔~330,000엔/학기 (2023년 기준)'),
    ('ASIA', 'JP', '메이지대학', 'Meiji University', '3', 'HOME_UNIVERSITY_PAYMENT', '무관', NULL, NULL, NULL, NULL, NULL, NULL, NULL, NULL, '학부별로 기준 상이, 관련페이지 참조', NULL, NULL, '2', '*해당 학교 일정 상 10월초까지 서류제출 필요', 'https://www.meiji.ac.jp/cip/english/admissions/co7mm90000000461-att/co7mm900000004fa.pdf', 'https://www.meiji.ac.jp/cip/english/admissions/co7mm90000000461-att/co7mm900000004d1.pdf', NULL, 'https://www.meiji.ac.jp/cip/english/admissions/co7mm90000000461-att/co7mm900000004fa.pdf', NULL),
    ('ASIA', 'JP', '바이카여자대학', 'BAIKA Women\'s University', '1', NULL, '무관', NULL, NULL, NULL, NULL, NULL, 'N2', NULL, NULL, NULL, '2.3', '4', '2', '여학생만 신청가능', NULL, '교환학생 지원가능 : Department of Global English, Department of Japanese culture, Department of Media and Information, Department of Psychology.', NULL, 'https://dormy-ac.com/page/baika/', '기숙사 없음, 계약된 외부 기숙사 사용-“Maison de Claire Ibaraki” 62,300엔/월, 2식 포함, 계약시 66,000엔 청구 (2023년 6월기준)'),
    ('ASIA', 'JP', '분쿄가쿠인대학', 'Bunkyo Gakuin University', '3', 'HOME_UNIVERSITY_PAYMENT', '1년만 가능', NULL, NULL, NULL, NULL, NULL, 'N2', NULL, NULL, NULL, NULL, NULL, '2', NULL, 'https://www.bgu.ac.jp/', NULL, NULL, NULL, '기숙사 보유, off campus, 식사 미제공, 45,000~50,000엔/월'),
    ('ASIA', 'JP', '야마구치대학', 'Yamaguchi University', '10', 'HOME_UNIVERSITY_PAYMENT', '무관', NULL, NULL, NULL, NULL, NULL, NULL, NULL, NULL, 'Graduate School of  Ecomnomics 토플 79 이상 토익 730이상 필요', NULL, NULL, '2', '- 전공별 TO에 따라 선발 (최대인원을 넘지 않도록)\n- Faculty of Global and Science Studies : 최대 5명 \n- Faculty of Economics: 최대 8명\n- Faculty of Engineering: 최대 3명\n- Faculty of Humanities: 최대 2명\n- Others: 최대 2명', 'http://www.isc.yamaguchi-u.ac.jp/inbound/FGSS_course_list/pdf', 'http://www.isc.yamaguchi-u.ac.jp/inbound/FGSS_course_list/pdf', NULL, '-', '교환학생은 off-campus dormitory 거주의무'),
    ('ASIA', 'JP', '오사카가쿠인대학', 'Osaka Gakuin University', '3', 'HOME_UNIVERSITY_PAYMENT', '1개학기', NULL, NULL, NULL, NULL, NULL, NULL, NULL, NULL, NULL, NULL, NULL, '2', '*해당 학교 일정 상 10월초까지 서류제출 필요', 'https://www.ogu.ac.jp/english/int_exchange/ie_program/schedule.html', NULL, 'https://www.ogu.ac.jp/english/int_exchange/ie_program/syllabi.html', 'https://www.ogu.ac.jp/english/int_exchange/ie_program/housing.html', '-봄학기는 한 개 학기만 교환학생 파견 가능\n-교환학생 용 "International Exchange Program" 제공 (일본어 능력이 높은 학생에게만 오후에 제공되는 일반 과정 수강 가능)'),
    ('ASIA', 'JP', '오츠마여자대학', 'Otsuma Women\'s University', '3', 'HOME_UNIVERSITY_PAYMENT', '무관', NULL, NULL, NULL, NULL, NULL, 'N2', NULL, NULL, NULL, NULL, NULL, '2', '여학생만 신청가능', NULL, NULL, NULL, 'https://www.otsuma.ac.jp/english/international/dormitory.html', '36,500엔/월, 식비별도'),
    ('ASIA', 'JP', '와세다대학', 'Waseda University', '1', 'HOME_UNIVERSITY_PAYMENT', '1개학기', '80', NULL, '730', '6.5', NULL, 'N1', NULL, NULL, '학부별로 기준 상이, 관련페이지 참조', '3', '4', '2', NULL, 'https://www.waseda.jp/inst/cie/en/exchange/application', 'Please refer to　"Requirements and Course Lists"    for further information. https://www.waseda.jp/inst/cie/en/exchange/application', NULL, 'https://www.waseda.jp/inst/rlc/en/student_dormitory/exchange/', 'https://www.waseda.jp/inst/rlc/en/student_dormitory/exchange/'),
    ('ASIA', 'JP', '추오대학', 'Chuo University', '1', 'HOME_UNIVERSITY_PAYMENT', '무관', NULL, NULL, NULL, NULL, NULL, 'N2', NULL, NULL, 'Commerce / Science & Engineering/ Global Informatics', '2.5', '4', '2', NULL, 'https://www.chuo-u.ac.jp/english/admissions/exchange/semester-or-full-year/', '지원불가 : Professional Graduate Program (Law School, Business School)', NULL, 'https://www.chuo-u.ac.jp/english/admissions/residences/', 'Seiseki-Sakuragaoka dormitory (off-campus)는 꽤 경쟁이 치열함. On-campus와 Off-campus 모두 약 1,800-1,900 EUR/학기'),
    ('ASIA', 'JP', '치바대학', 'Chiba University', '2', 'HOME_UNIVERSITY_PAYMENT', '1년만 가능', NULL, NULL, NULL, NULL, NULL, NULL, NULL, NULL, NULL, NULL, NULL, '2', '*해당 학교 일정 상 10월초까지 서류제출 필요', 'https://www.le.chiba-u.jp/(Japanese only)', '경제학, 국제통상학과만 지원 가능', NULL, 'https://www.chiba-u.ac.jp/international/isd/en/index.html', NULL),
    ('ASIA', 'TR', '앙카라대학', 'ANKARA UNIVERSITY', '1', 'HOME_UNIVERSITY_PAYMENT', '1개학기', '80', NULL, NULL, NULL, NULL, NULL, NULL, NULL, '- 유효한 영어공인인증시험점수는 2021년 10월 16일 이후 응시한 시험점수에 한함', '2.75', '4', '2', NULL, 'https://en.ankara.edu.tr/', '- 소속전공과 지원전공이 일치할 것을 권장함', 'iso.ankara.edu.tr', '- 기숙사 보유 (한달에 550 TL ~ 2000 TL)', '- 오프라인 수업으로 예상하나 온라인 수업 등으로 변동 가능성 있음- COVID 관련 안내 사이트 https://covid19.saglik.gov.tr/'),
    ('ASIA', 'TR', '외즈예인대학교', 'Ozyegin University', '1', 'HOME_UNIVERSITY_PAYMENT', '1개학기', '80', NULL, NULL, NULL, NULL, NULL, NULL, NULL, '*TOEFL IBT minimum Scores : Reading 20, Writing 20, Listing 20, Speaking 20유효한 영어공인인증시험점수는 2021년 12월 1일 이후 응시한 시험점수에 한함https://www.ozyegin.edu.tr/en/student-services/application-admission/language-proficiency-requirement', NULL, NULL, '2', NULL, 'https://www.ozyegin.edu.tr/en', '-소속전공과 지원전공이 일치할것-학부 학생이 석사용 수업 수강할 수 없음', 'https://www.ozyegin.edu.tr/en/ects-course-catalog-courses-offered/courses-offered', '-기숙사 보유하나 입사 보장은 불가 (https://www.ozyegin.edu.tr/en/dormitories/housing-fees)', '-COVID 관련 안내 사이트 https://www.ozyegin.edu.tr/en/covid-19'),
    ('ASIA', 'HK', '수인대학교', 'Shue Yan University', '3', 'HOME_UNIVERSITY_PAYMENT', '1개학기', NULL, NULL, NULL, '6', NULL, NULL, NULL, NULL, 'IELTS overall band score of 6 with no band lower than 5.5', '2.5', '4', '2', NULL, 'https://iu.hksyu.edu/inbound-exchange/', '- 소속전공과 지원전공이 반드시 일치할 필요는 없음- 교차 수강 가능', 'https://iu.hksyu.edu/wp-content/uploads/2022/08/CourseListForExchangeStudents2022-23-20220816.pdf', '- 기숙사 2인실(매달 263-302 USD)', '-COVID 관련 안내 사이트 https://www.coronavirus.gov.hk/eng/index.html'),
    ('ASIA', 'HK', '홍콩시립대학', 'City Univ Hong Kong', '2', 'HOME_UNIVERSITY_PAYMENT', '1개학기', '79', NULL, NULL, '6.5', NULL, NULL, NULL, NULL, 'ielts overall band 6.5-유효한 영어공인인증시험점수는 2021년 10월 2일 이후 응시한 시험점수에 한함', NULL, NULL, '2', NULL, 'https://www.admo.cityu.edu.hk/exchange_visiting/exchange/info/', '-소속전공과 지원전공이 일치할것- College of Science(Chemistry/ Mathematics / Physics) 이 학과로 홍콩시립대에서 수강 시 위 학과에서 9학점 이상 이수 필수 수강을 해야함-지원제한 전공: Biomedical science-몇몇 수강인원이 제한된 학과는 교환학생을 받지 않음 주의-선행 과목 수강이 필수인 학과의 경우 수강 이력이 없을 시 수강 불가', 'https://www.cityu.edu.hk/admo/exchange/exchange_course_list_202402.pdf', '- 기숙사가 있으나 기숙사 배정이 상당히 어려움- 대략적 비용: 학기당 HKD$ 10,850 ~ HKD$ 21,700https://www.cityu.edu.hk/sro/StudentHousing/UGHalls/InboundExchangeStudents.htm', '- COVID 관련 안내 사이트 https://www.cityu.edu.hk/fmo/default.aspx?PageID=covid19infoctr'),
    ('CHINA', 'TW', '국립정치대학교', 'National Chengchi University', '1', 'HOME_UNIVERSITY_PAYMENT', '1개학기', '80', NULL, '700', '6', NULL, NULL, NULL, NULL, '- 본교 중국어 어학시험에 응시하여야 함- 영어성적표 지원일로부터 2년간 유효한 성적표여야 함', '2.75', '4', '2', NULL, 'https://oic.nccu.edu.tw/Post/833', '- 소속전공과 지원전공이 일치하여야 함- 수강 제한 전공: IMBA, EMBA, IMAS', 'https://qrysub.nccu.edu.tw/', '- 기숙사 보유 - 대략적 비용: 한학기에 NTD$11,000~ 33,500', NULL),
    ('CHINA', 'TW', '국립중산대학', 'National Sun Yat-sen University', '1', 'HOME_UNIVERSITY_PAYMENT', '1개학기', '72', '543', '785', '5.5', NULL, NULL, NULL, NULL, '- 본교 중국어 어학시험에 응시하여야 함', NULL, NULL, '2', NULL, 'https://oia.nsysu.edu.tw/p/412-1308-20581.php?Lang=en', '-소속전공과 지원전공이 일치할것-중국어 실력이 유창하지 않으면 영어로 강의되는 수업만 수강 가능함- 영어성적표 지원일로부터 2년간 유효한 성적표여야 함', 'https://oia.nsysu.edu.tw/p/412-1308-20770.php?Lang=en', '- 기숙사 보유 (한학기235 USD-535 USD)https://oia.nsysu.edu.tw/p/412-1308-20581.php?Lang=en', '-COVID 관련 안내 사이트 https://www.cdc.gov.tw/En'),
    ('CHINA', 'TW', '국립중앙대학교', 'National Central University', '1', 'HOME_UNIVERSITY_PAYMENT', '1개학기', '80', '550', '750', '6', NULL, NULL, NULL, NULL, '- 본교 중국어 어학시험에 응시하여야 함- 영어성적은 지원일로부터 2년간 유효한 성적표여야 함', '70', '100', '4', NULL, 'http://oia.ncu.edu.tw/index.php/en/international-students/incoming-exchange-programs.html', '- 소속전공과 지원전공이 일치하여야 함- 지원가능 전공 확인 : https://www.ncu.edu.tw/en/pages/index.php?num=2- 교환학생용으로 제공되는 영어강의는 본래 대학원생용이라 학부 3학년 또는 4학년 학생이 국립중앙대로의 교환학생에 지원할 수 있음', 'https://cis.ncu.edu.tw/Course/main/news/announce', '기숙사 없음', '-COVID 관련 안내 사이트 https://www.cdc.gov.tw/En'),
    ('CHINA', 'TW', '타이베이시립대학', 'University of Taipei', '2', 'HOME_UNIVERSITY_PAYMENT', '무관', '72', '543', '785', '5.5', NULL, NULL, NULL, NULL, '- 본교 중국어 어학시험에 응시하여야 함', NULL, NULL, '2', NULL, 'https://international.utaipei.edu.tw/index.php?Lang=en', '- 소속전공과 지원전공이 반드시 일치할 필요는 없음- 교차 수강 가능- 영어성적표 지원일로부터 2년간 유효한 성적표여야 함', NULL, '- 기숙사 보유- 한 학기에 약 500-800$', '-COVID 관련 안내: 병원과 관련된 시설에서는 반드시 마스크 착용 해야함'),
    ('CHINA', 'CN', '강남대학교', 'Jiangnan University', '3', 'HOME_UNIVERSITY_PAYMENT', '1개학기', '59', NULL, NULL, NULL, NULL, NULL, NULL, NULL, '- 본교 중국어 어학시험에 응시하여야 함- 중국어 연수 프로그램 : 영어,중국어 성적이 없어도 지원 가능- 학위과정수업(영어) : IBT 59 이상', '2.8', '4', '2', NULL, 'http://www.jiangnan.edu.cn/', '- 소속전공과 지원전공이 반드시 일치할 필요는 없음- 교차 수강 가능- 주로 인하대 학생들은 중국어 어학과정을 수강함- 최소 수강학점은 없으며, 주로 3~6과목 (2~4학점/1과목)을 수강함', 'English taught courses are generally determined by the schools at the end of the previous semester. We are not sure about it until then.', '- 학교에 기숙사가 있으나 입사 보장은 불가International Students Building (only for foreign students): Single room with bedding packs, air-conditioner and bathroom,500RMB    Local Student Dormitory: 4-6 person room without bedding packs, 600-1000RMB', NULL),
    ('CHINA', 'CN', '길림대학교', 'Jilin University', '2', 'HOME_UNIVERSITY_PAYMENT', '1개학기', '79', NULL, NULL, '6', NULL, NULL, NULL, NULL, '- 본교 중국어 어학시험에 응시하여야 함* 중국어 과정1) 중국어학연수과정 : 어학성적 필요 없음2) Diplomacy (School of International and Public Affairs) : 유효한 HSK  5급 180점 이상, TOEFL 550(PBT), 213(CBT), 79(IBT) 또는  IELTS 6.0.이상을 보유하여야 함(HSK및영어 동시만족)3) 중국어 과정(석사)：HSK 5급 180점 이상4) 기타 중국어 과정 : HSK 4급 180점 이상 * 영어 과정 : 길림대 내 영어테스트가 있을 예정임- 영어과정을 들을 경우, 영어성적표을 제출하여야 하며 지원일로부터 2년간 유효한 성적표여야 함', NULL, NULL, '2', NULL, 'http://cie.jlu.edu.cn/', '- 소속전공과 지원전공이 반드시 일치할 필요는 없음- 지원제한 전공 : Medical Science', NULL, '- 기숙사 보유 (6개월 이상 거주 시 신청 가능)- 대략적 비용: 한달에 1500RMB', NULL),
    ('CHINA', 'CN', '남경사범대학교', 'Nanjing Normal University', '2', 'HOME_UNIVERSITY_PAYMENT', '무관', NULL, NULL, NULL, NULL, NULL, NULL, NULL, NULL, '- 본교 중국어 어학시험에 응시하여야 함- 중국어로 된 전공 강의를 수강하기 희망할 경우, 최소 HSK 5급 180점 이상의 점수를 보유하여야 함-중국어학연수과정 : 어학성적 필요 없음', '75', '100', '2', NULL, 'http://gjc.njnu.edu.cn/index.htm', '- 소속전공과 지원전공이 일치하여야함(교차수강 불가능)- 대부분의 교환학생들은 중국어 어학 수업을 수강함', '- 영어수업을 제공할지 결정되지 않았음', '- 기숙사 보유 (한학기 5000RMB-6000RMB: 겨울방학 및 여름방학 제외)', NULL),
    ('CHINA', 'CN', '동화대학교', 'Donghua University', '2', 'HOME_UNIVERSITY_PAYMENT', '1개학기', '80', NULL, NULL, '6', NULL, NULL, NULL, NULL, '- 유효한 영어공인인증시험점수는 2021년 11월 16일 이후 응시한 시험점수에 한함- 본교 중국어 어학시험에 응시하여야 함', NULL, NULL, '2', NULL, 'http://english.dhu.edu.cn', '소속전공과 지원전공이 반드시 일치할 필요는 없으나 학과에 상관없이 교차 수강은 불가능-교환학생 대상으로 별도 제공된 수강 가능 교과목안에서만 수강 가능', 'https://english.dhu.edu.cn/incoming/list.htm', '- 기숙사 보유(한 학기 약 7800yuan)- https://korean.dhu.edu.cn/accommodation/list.htm', NULL),
    ('CHINA', 'CN', '산동대학교(위해)', 'Shandong University, Weihai', '2', 'HOME_UNIVERSITY_PAYMENT', '무관', NULL, NULL, NULL, NULL, NULL, NULL, NULL, NULL, '- 본교 중국어 어학시험에 응시하여야 함 - 중국어 수업을 들을 학생은 HSK4급 보유를 권장함- 영어 수업을 들을 학생은 TOEFL IBT 80점,  IELTS 6등급 보유를 권장함- 학점 4.0 만점에 2.3, 100점 만점에 70이상인 학생만 지원 가능', '2.3', '4', '2', NULL, 'https://en.wh.sdu.edu.cn/', '소속전공과 지원전공이 일치해야 함. 단, 중국어 어학과정 학생의 경우 전공 무관- 최소 학점은 없으며, 최대 24학점 수강 가능- 체육교육과 전공은 제공하지 않음- 지원 가능 전공 https://ipo.wh.sdu.edu.cn/kristudy/info/1021/1752.htm', NULL, '- 기숙사 보유 (한학기 4,000~5,000 RMB, 금액은 변동가능성있음)', NULL),
    ('CHINA', 'CN', '연태대학교', 'Yantai University', '2', 'HOME_UNIVERSITY_PAYMENT', '무관', NULL, NULL, NULL, NULL, NULL, NULL, NULL, NULL, '- 본교 중국어 어학시험에 응시하여야 함\n- 중국어 어학강좌만 수강할 경우 HSK 또는 영어성적 제시 불필요- 중국어로된 전공강의 수강(학위과정)을 희망할 경우 별도 문의 (HSK level 4 이상이어야 함)', '2.5', '4', '2', NULL, 'https://en.ytu.edu.cn/', '- 소속전공과 지원전공이 일치하여야 함 (교차 수강 불가능)', NULL, '- 기숙사 보유(한 학기 3100-3600RMB)', NULL),
    ('CHINA', 'CN', '절강사범대학교', 'Zhejiang Normal University', '3', 'HOME_UNIVERSITY_PAYMENT', '1개학기', '80', NULL, NULL, '5.5', NULL, NULL, NULL, NULL, '- 본교 중국어 어학시험에 응시하여야 함\n- 중국어로된 전공강의 수강(학위과정)을 희망할 경우 별도 문의 (HSK4급이상 보유자만 가능)\n-유효한 영어공인인증시험점수는 2021년 12월 21일 이후 응시한 시험점수에 한함', '2.5', '4', '2', NULL, 'http://iso.zjnu.edu.cn/ywb/main.htm', '- 소속전공과 지원전공이 일치할 것', 'http://iso.zjnu.edu.cn/wistwofwwrogramsw2018/list.htm', '-기숙사 보유 (2인실/ 매달 450-600RMB)', NULL),
    ('CHINA', 'CN', '중앙민족대학교', 'Minzu University of China', '1', 'HOME_UNIVERSITY_PAYMENT', '1개학기', NULL, NULL, NULL, NULL, NULL, NULL, NULL, NULL, '- 본교 중국어 어학시험에 응시하여야 함\n- 중국어 연수 프로그램 : 어학성적 불필요\n- 영어강의 없고 중국어로 하는 전공수업만 제공함. HSK5급 보유자만 지원가능(확인중)', '2.5', '4', '2', NULL, 'https://oir.muc.edu.cn/', '- 소속전공과 지원전공이 반드시 일치할 필요는 없음', NULL, '- 기숙사 보유 (한학기 1100-1500 USD)', NULL),
    (NULL, NULL, 'SAF 프로그램', 'SAF Program', '10', 'OVERSEAS_UNIVERSITY_PAYMENT', '무관', NULL, NULL, NULL, NULL, NULL, NULL, NULL, NULL, '- 어학요건이 대학별로 상이하므로 반드시 Program Guide 참고할 것', NULL, NULL, NULL, NULL, 'http://korea.studyabroadfoundation.org/', NULL, NULL, NULL, '- 지원 전 반드시 국제교류팀 담당자와 상담할 것');