INSERT INTO region (region_code) VALUES
     ('ASIA'),
     ('AMERICAS'),
     ('CHINA'),
     ('EUROPE');

INSERT INTO country (country_code, region_code) VALUES
    ('BN', 'ASIA'),
    ('SG', 'ASIA'),
    ('AZ', 'ASIA'),
    ('ID', 'ASIA'),
    ('JP', 'ASIA'),
    ('TR', 'EUROPE'),
    ('HK', 'ASIA'),
    ('US', 'AMERICAS'),
    ('CA', 'AMERICAS'),
    ('AU', 'AMERICAS'),
    ('BR', 'AMERICAS'),
    ('NL', 'EUROPE'),
    ('NO', 'EUROPE'),
    ('DK', 'EUROPE'),
    ('DE', 'EUROPE'),
    ('SE', 'EUROPE'),
    ('CH', 'EUROPE'),
    ('ES', 'EUROPE'),
    ('GB', 'EUROPE'),
    ('AT', 'EUROPE'),
    ('IT', 'EUROPE'),
    ('CZ', 'EUROPE'),
    ('PT', 'EUROPE'),
    ('FR', 'EUROPE'),
    ('FI', 'EUROPE'),
    ('CN', 'CHINA'),
    ('TW', 'CHINA');

INSERT INTO university
(country_code, region_code, english_name, format_name, korean_name, accommodation_url, english_course_url, homepage_url, details_for_local, logo_image_url, background_image_url)
VALUES
    ('US', 'AMERICAS', 'University of Guam', 'university_of_guam', '괌대학(A형)', 'https://www.uog.edu/life-at-uog/residence-halls/', 'https://www.uog.edu/admissions/course-schedule', 'https://www.uog.edu/admissions/international-students', NULL, 'https://solid-connection.s3.ap-northeast-2.amazonaws.com/original/university_of_guam/logo.png', 'https://solid-connection.s3.ap-northeast-2.amazonaws.com/original/university_of_guam/1.png'),
    ('US', 'AMERICAS', 'University of Guam', 'university_of_guam', '괌대학(B형)', 'https://www.uog.edu/life-at-uog/residence-halls/', 'https://www.uog.edu/admissions/course-schedule', 'https://www.uog.edu/admissions/international-students', NULL, 'https://solid-connection.s3.ap-northeast-2.amazonaws.com/original/university_of_guam/logo.png', 'https://solid-connection.s3.ap-northeast-2.amazonaws.com/original/university_of_guam/1.png'),
    ('US', 'AMERICAS', 'University of Nevada, Las Vegas', 'university_of_nevada_las_vegas', '네바다주립대학 라스베이거스(B형)', 'https://www.unlv.edu/housing', 'https://www.unlv.edu/engineering/academic-programs', 'https://www.unlv.edu/engineering/eip', NULL, 'https://solid-connection.s3.ap-northeast-2.amazonaws.com/original/university_of_nevada_las_vegas/logo.png', 'https://solid-connection.s3.ap-northeast-2.amazonaws.com/original/university_of_nevada_las_vegas/1.png'),
    ('US', 'AMERICAS', 'University of Nevada, Las Vegas', 'university_of_nevada_las_vegas', '네바다주립대학 라스베이거스(어학연수)', 'https://www.unlv.edu/housing', 'https://www.unlv.edu/engineering/academic-programs', 'https://www.unlv.edu/engineering/eip', NULL, 'https://solid-connection.s3.ap-northeast-2.amazonaws.com/original/university_of_nevada_las_vegas/logo.png', 'https://solid-connection.s3.ap-northeast-2.amazonaws.com/original/university_of_nevada_las_vegas/1.png'),
    ('US', 'AMERICAS', 'University of Nebraska at Kearney', 'university_of_nebraska_at_kearney', '네브라스카 주립대학(A형)', 'https://www.unk.edu/offices/reslife/index.php', 'https://catalog.unk.edu/undergraduate/', 'https://www.unk.edu/index.php', NULL, 'https://solid-connection.s3.ap-northeast-2.amazonaws.com/original/university_of_nebraska_at_kearney/logo.png', 'https://solid-connection.s3.ap-northeast-2.amazonaws.com/original/university_of_nebraska_at_kearney/1.png'),
    ('US', 'AMERICAS', 'University of Nebraska at Kearney', 'university_of_nebraska_at_kearney', '네브라스카 주립대학(B형)', 'https://www.unk.edu/offices/reslife/index.php', 'https://catalog.unk.edu/undergraduate/', 'https://www.unk.edu/index.php', NULL, 'https://solid-connection.s3.ap-northeast-2.amazonaws.com/original/university_of_nebraska_at_kearney/logo.png', 'https://solid-connection.s3.ap-northeast-2.amazonaws.com/original/university_of_nebraska_at_kearney/1.png'),
    ('US', 'AMERICAS', 'North Park University', 'north_park_university', '노스파크대학(A형)', 'https://www.northpark.edu/campus-life-and-services/residence-life-and-housing/ㅍ', 'https://paygate.northpark.edu:8173/Student/Courses', 'https://www.northpark.edu/', NULL, 'https://solid-connection.s3.ap-northeast-2.amazonaws.com/original/north_park_university/logo.png', 'https://solid-connection.s3.ap-northeast-2.amazonaws.com/original/north_park_university/1.png'),
    ('US', 'AMERICAS', 'North Park University', 'north_park_university', '노스파크대학(B형)', 'https://www.northpark.edu/campus-life-and-services/residence-life-and-housing/', 'https://paygate.northpark.edu:8173/Student/Courses', 'https://www.northpark.edu/', NULL, 'https://solid-connection.s3.ap-northeast-2.amazonaws.com/original/north_park_university/logo.png', 'https://solid-connection.s3.ap-northeast-2.amazonaws.com/original/north_park_university/1.png'),
    ('US', 'AMERICAS', 'SUNY ESF', 'suny_esf', '뉴욕주립대 환경과학임학대학(A형)', 'https://www.esf.edu/housing/', 'https://www.esf.edu/catalog/courses/', 'https://www.esf.edu/international/', NULL, 'https://solid-connection.s3.ap-northeast-2.amazonaws.com/original/suny_esf/logo.png', 'https://solid-connection.s3.ap-northeast-2.amazonaws.com/original/suny_esf/1.png'),
    ('US', 'AMERICAS', 'SUNY ESF', 'suny_esf', '뉴욕주립대 환경과학임학대학(B형)', 'https://www.esf.edu/housing/', 'https://www.esf.edu/catalog/courses/', 'https://www.esf.edu/international/', NULL, 'https://solid-connection.s3.ap-northeast-2.amazonaws.com/original/suny_esf/logo.png', 'https://solid-connection.s3.ap-northeast-2.amazonaws.com/original/suny_esf/1.png'),
    ('US', 'AMERICAS', 'Stony Brook University', 'stony_brook_university', '뉴욕주립대학 스토니브룩(B형)', 'https://www.stonybrook.edu/commcms/studentaffairs/res/', 'https://www.stonybrook.edu/sb/bulletin/current/courses/browse/byabbreviation/', 'https://www.stonybrook.edu/', NULL, 'https://solid-connection.s3.ap-northeast-2.amazonaws.com/original/stony_brook_university/logo.png', 'https://solid-connection.s3.ap-northeast-2.amazonaws.com/original/stony_brook_university/1.png'),
    ('US', 'AMERICAS', 'New Jersey City Univeristy', 'new_jersey_city_univeristy', '뉴저지시티대학(A형)', 'https://www.njcu.edu/admissions-aid/international-students/international-student-housing', 'https://www.njcu.edu/admissions-aid/international-students/information-accepted-students/choosing-classes', 'https://www.njcu.edu/admissions-aid/international-students', NULL, 'https://solid-connection.s3.ap-northeast-2.amazonaws.com/original/new_jersey_city_univeristy/logo.png', 'https://solid-connection.s3.ap-northeast-2.amazonaws.com/original/new_jersey_city_univeristy/1.png'),
    ('US', 'AMERICAS', 'New Jersey City Univeristy', 'new_jersey_city_univeristy', '뉴저지시티대학(B형)', 'https://www.njcu.edu/admissions-aid/international-students/international-student-housing', 'https://www.njcu.edu/admissions-aid/international-students/information-accepted-students/choosing-classes', 'https://www.njcu.edu/admissions-aid/international-students', NULL, 'https://solid-connection.s3.ap-northeast-2.amazonaws.com/original/new_jersey_city_univeristy/logo.png', 'https://solid-connection.s3.ap-northeast-2.amazonaws.com/original/new_jersey_city_univeristy/1.png'),
    ('US', 'AMERICAS', 'Arkansas State University', 'arkansas_state_university', '아칸소주립대학(A형)', 'https://www.astate.edu/a/university-housing/housing-options/', 'https://ssb-prod.ec.astate.edu/PROD/bwckschd.p_disp_dyn_sched', 'https://www.astate.edu/', NULL, 'https://solid-connection.s3.ap-northeast-2.amazonaws.com/original/arkansas_state_university/logo.png', 'https://solid-connection.s3.ap-northeast-2.amazonaws.com/original/arkansas_state_university/1.png'),
    ('US', 'AMERICAS', 'Arkansas State University', 'arkansas_state_university', '아칸소주립대학(B형)', 'https://www.astate.edu/a/university-housing/housing-options/', 'https://ssb-prod.ec.astate.edu/PROD/bwckschd.p_disp_dyn_sched', 'https://www.astate.edu/', NULL, 'https://solid-connection.s3.ap-northeast-2.amazonaws.com/original/arkansas_state_university/logo.png', 'https://solid-connection.s3.ap-northeast-2.amazonaws.com/original/arkansas_state_university/1.png'),
    ('US', 'AMERICAS', 'Angelo State University', 'angelo_state_university', '안젤로주립대학(A형)', 'https://www.angelo.edu/dept/residential_programs', 'https://ssb.angelo.edu/prod/bwwkschd.p_disp_dyn_sched', 'https://www.angelo.edu/', NULL, 'https://solid-connection.s3.ap-northeast-2.amazonaws.com/original/angelo_state_university/logo.png', 'https://solid-connection.s3.ap-northeast-2.amazonaws.com/original/angelo_state_university/1.png'),
    ('US', 'AMERICAS', 'Angelo State University', 'angelo_state_university', '안젤로주립대학(B형)', 'https://www.angelo.edu/dept/residential_programs', 'https://ssb.angelo.edu/prod/bwwkschd.p_disp_dyn_sched', 'https://www.angelo.edu/', NULL, 'https://solid-connection.s3.ap-northeast-2.amazonaws.com/original/angelo_state_university/logo.png', 'https://solid-connection.s3.ap-northeast-2.amazonaws.com/original/angelo_state_university/1.png'),
    ('US', 'AMERICAS', 'The University of Alabama in Huntsville', 'the_university_of_alabama_in_huntsville', '앨러배마헌츠빌대학 (A형)', 'https://www.uah.edu/housing', 'https://catalog.uah.edu/undergrad/course-descriptions/', 'https://www.uah.edu/', NULL, 'https://solid-connection.s3.ap-northeast-2.amazonaws.com/original/the_university_of_alabama_in_huntsville/logo.png', 'https://solid-connection.s3.ap-northeast-2.amazonaws.com/original/the_university_of_alabama_in_huntsville/1.png'),
    ('US', 'AMERICAS', 'The University of Alabama in Huntsville', 'the_university_of_alabama_in_huntsville', '앨러배마헌츠빌대학 (B형)', 'https://www.uah.edu/housing', 'https://catalog.uah.edu/undergrad/course-descriptions/', 'https://www.uah.edu/', NULL, 'https://solid-connection.s3.ap-northeast-2.amazonaws.com/original/the_university_of_alabama_in_huntsville/logo.png', 'https://solid-connection.s3.ap-northeast-2.amazonaws.com/original/the_university_of_alabama_in_huntsville/1.png'),
    ('US', 'AMERICAS', 'Illinois Institute of Technology', 'illinois_institute_of_technology', '일리노이공과대학(교환학생 과정)', 'https://www.iit.edu/housing/housing-options/housing-rates', 'http://bulletin.iit.edu/undergraduate/courses/', 'https://www.iit.edu/', NULL, 'https://solid-connection.s3.ap-northeast-2.amazonaws.com/original/illinois_institute_of_technology/logo.png', 'https://solid-connection.s3.ap-northeast-2.amazonaws.com/original/illinois_institute_of_technology/1.png'),
    ('US', 'AMERICAS', 'Illinois Institute of Technology', 'illinois_institute_of_technology', '일리노이공과대학(복수학위 과정)', 'https://www.iit.edu/housing/housing-options/housing-rates', 'http://bulletin.iit.edu/undergraduate/courses/', 'https://www.iit.edu/admissions-aid/undergraduate-admission/international-undergraduate-students/how-apply-international-undergraduate-students/international-transfer-students', NULL, 'https://solid-connection.s3.ap-northeast-2.amazonaws.com/original/illinois_institute_of_technology/logo.png', 'https://solid-connection.s3.ap-northeast-2.amazonaws.com/original/illinois_institute_of_technology/1.png'),
    ('US', 'AMERICAS', 'Taylor university', 'taylor_university', '테일러대학', 'https://www.taylor.edu/life-at-taylor/residence-life/residence-halls/', 'https://www.taylor.edu/offices/registrar/class-schedules', 'https://www.taylor.edu/', NULL, 'https://solid-connection.s3.ap-northeast-2.amazonaws.com/original/taylor_university/logo.png', 'https://solid-connection.s3.ap-northeast-2.amazonaws.com/original/taylor_university/1.png'),
    ('US', 'AMERICAS', 'Temple University', 'temple_university', '템플대학(혼합형)', 'https://globalprograms.temple.edu/housing', 'https://prd-xereg.temple.edu/StudentRegistrationSsb/ssb/term/termSelection?mode=search', 'http://globalprograms.temple.edu/', NULL, 'https://solid-connection.s3.ap-northeast-2.amazonaws.com/original/temple_university/logo.png', 'https://solid-connection.s3.ap-northeast-2.amazonaws.com/original/temple_university/1.png'),
    ('US', 'AMERICAS', 'Troy University ', 'troy_university', '트로이주립대학(A형)', 'https://www.troy.edu/student-life-resources/housing/index.html', 'https://www.troy.edu/academics/catalogs/#Undergraduate', 'https://www.troy.edu/international/index.html', NULL, 'https://solid-connection.s3.ap-northeast-2.amazonaws.com/original/troy_university/logo.png', 'https://solid-connection.s3.ap-northeast-2.amazonaws.com/original/troy_university/1.png'),
    ('US', 'AMERICAS', 'Troy University ', 'troy_university', '트로이주립대학(B형)', 'https://www.troy.edu/student-life-resources/housing/index.html', 'https://www.troy.edu/academics/catalogs/#Undergraduate', 'https://www.troy.edu/international/index.html', NULL, 'https://solid-connection.s3.ap-northeast-2.amazonaws.com/original/troy_university/logo.png', 'https://solid-connection.s3.ap-northeast-2.amazonaws.com/original/troy_university/1.png'),
    ('US', 'AMERICAS', 'University of Hawaii at Manoa', 'university_of_hawaii_at_manoa', '하와이대학(B형)', 'https://manoa.hawaii.edu/mix/inbound/housing-meals/', 'https://www.sis.hawaii.edu/uhdad/avail.classes?i=MAN', 'https://www.hawaii.edu/', NULL, 'https://solid-connection.s3.ap-northeast-2.amazonaws.com/original/university_of_hawaii_at_manoa/logo.png', 'https://solid-connection.s3.ap-northeast-2.amazonaws.com/original/university_of_hawaii_at_manoa/1.png'),
    ('BR', 'AMERICAS', 'Pontificia Universidade Catolica de Minas Gerais', 'pontificia_universidade_catolica_de_minas_gerais', '카톨릭 대학 미나스제라이스', NULL, 'http://www1.pucminas.br/ari/index_padrao.php?pagina=5829', 'https://www.pucminas.br/', NULL, 'https://solid-connection.s3.ap-northeast-2.amazonaws.com/original/pontificia_universidade_catolica_de_minas_gerais/logo.png', 'https://solid-connection.s3.ap-northeast-2.amazonaws.com/original/pontificia_universidade_catolica_de_minas_gerais/1.png'),
    ('BR', 'AMERICAS', 'UNIVERSITY OF FORTALEZA', 'university_of_fortaleza', '포르탈레자 대학', 'https://unifor.br/web/guest/international/exchange-students#tabs', 'https://unifor.br/web/guest/international/exchange-students#tabs', 'https://www.unifor.br/', NULL, 'https://solid-connection.s3.ap-northeast-2.amazonaws.com/original/university_of_fortaleza/logo.png', 'https://solid-connection.s3.ap-northeast-2.amazonaws.com/original/university_of_fortaleza/1.png'),
    ('CA', 'AMERICAS', 'University of Regina', 'university_of_regina', '리자이나대학(A형)', 'https://www.uregina.ca/housing/housing-options/index.html', 'https://banner.uregina.ca/prod/sct/bwckschd.p_disp_dyn_sched', 'https://www.uregina.ca/international/', NULL, 'https://solid-connection.s3.ap-northeast-2.amazonaws.com/original/university_of_regina/logo.png', 'https://solid-connection.s3.ap-northeast-2.amazonaws.com/original/university_of_regina/1.png'),
    ('CA', 'AMERICAS', 'University of Regina', 'university_of_regina', '리자이나대학(B형)', 'https://www.uregina.ca/housing/housing-options/index.html', 'https://banner.uregina.ca/prod/sct/bwckschd.p_disp_dyn_sched', 'https://www.uregina.ca/international/', NULL, 'https://solid-connection.s3.ap-northeast-2.amazonaws.com/original/university_of_regina/logo.png', 'https://solid-connection.s3.ap-northeast-2.amazonaws.com/original/university_of_regina/1.png'),
    ('CA', 'AMERICAS', 'Memorial University of Newfoundland St. John''s', 'memorial_university_of_newfoundland_st_johns', '메모리얼 대학 세인트존스(A형)', 'https://www.mun.ca/residences/', 'https://www.mun.ca/regoff/registration-and-final-exams/course-offerings/', 'https://mun.ca/goabroad/visiting-students-inbound/', NULL, 'https://solid-connection.s3.ap-northeast-2.amazonaws.com/original/memorial_university_of_newfoundland_st_johns/logo.png', 'https://solid-connection.s3.ap-northeast-2.amazonaws.com/original/memorial_university_of_newfoundland_st_johns/1.png'),
    ('CA', 'AMERICAS', 'Memorial University of Newfoundland St. John''s', 'memorial_university_of_newfoundland_st_johns', '메모리얼 대학 세인트존스(B형)', 'www.mun.ca/residences', 'https://www.mun.ca/regoff/registration-and-final-exams/course-offerings/', 'https://mun.ca/goabroad/visiting-students-inbound/', NULL, 'https://solid-connection.s3.ap-northeast-2.amazonaws.com/original/memorial_university_of_newfoundland_st_johns/logo.png', 'https://solid-connection.s3.ap-northeast-2.amazonaws.com/original/memorial_university_of_newfoundland_st_johns/1.png'),
    ('CA', 'AMERICAS', 'Memorial University of Newfoundland, Grenfell Campus', 'memorial_university_of_newfoundland_grenfell_campus', '메모리얼대학 그랜펠(어학연수)', 'www.grenfell.mun.ca/housing', 'https://www.grenfell.mun.ca/e니', 'https://mun.ca/grenfellcampus/', NULL, 'https://solid-connection.s3.ap-northeast-2.amazonaws.com/original/memorial_university_of_newfoundland_grenfell_campus/logo.png', 'https://solid-connection.s3.ap-northeast-2.amazonaws.com/original/memorial_university_of_newfoundland_grenfell_campus/1.png'),
    ('AU', 'AMERICAS', 'RMIT University', 'rmit_university', 'RMIT멜버른공과대학(A형)', 'https://www.rmit.edu.au/students/student-life/accommodation', 'https://www.rmit.edu.au/study-with-us/international-students/programs-for-international-students/study-abroad-and-exchange/study-abroad/study-abroad-exchange-course-search', 'https://www.rmit.edu.au/study-with-us/international-students/programs-for-international-students/study-abroad-and-exchange/student-exchange', NULL, 'https://solid-connection.s3.ap-northeast-2.amazonaws.com/original/rmit_university/logo.png', 'https://solid-connection.s3.ap-northeast-2.amazonaws.com/original/rmit_university/1.png'),
    ('AU', 'AMERICAS', 'University of Southern Queensland', 'university_of_southern_queensland', '서던퀸스랜드대학(A형)', 'https://www.unisq.edu.au/current-students/academic/residential-schools/accommodation', 'https://www.unisq.edu.au/course/specification/current/', 'https://www.unisq.edu.au/international/partnerships/study-abroad-exchange', NULL, 'https://solid-connection.s3.ap-northeast-2.amazonaws.com/original/university_of_southern_queensland/logo.png', 'https://solid-connection.s3.ap-northeast-2.amazonaws.com/original/university_of_southern_queensland/1.png'),
    ('AU', 'AMERICAS', 'University of Southern Queensland', 'university_of_southern_queensland', '서던퀸스랜드대학(B형)', 'https://www.unisq.edu.au/current-students/support/accommodation', 'https://www.unisq.edu.au/course/specification/current/', 'https://www.unisq.edu.au/international/partnerships/study-abroad-exchange', NULL, 'https://solid-connection.s3.ap-northeast-2.amazonaws.com/original/university_of_southern_queensland/logo.png', 'https://solid-connection.s3.ap-northeast-2.amazonaws.com/original/university_of_southern_queensland/1.png'),
    ('AU', 'AMERICAS', 'University of Sydney', 'university_of_sydney', '시드니대학', 'https://www.sydney.edu.au/study/accommodation.html', 'www.sydney.edu.au/sydney-abroad-units', 'https://www.sydney.edu.au/', NULL, 'https://solid-connection.s3.ap-northeast-2.amazonaws.com/original/university_of_sydney/logo.png', 'https://solid-connection.s3.ap-northeast-2.amazonaws.com/original/university_of_sydney/1.png'),
    ('AU', 'AMERICAS', 'Curtin University', 'curtin_university', '커틴대학(A형)', 'https://www.curtin.edu.au/study/campus-life/accommodation/#perth', 'https://handbook.curtin.edu.au/', 'https://www.curtin.edu.au/', NULL, 'https://solid-connection.s3.ap-northeast-2.amazonaws.com/original/curtin_university/logo.png', 'https://solid-connection.s3.ap-northeast-2.amazonaws.com/original/curtin_university/1.png'),
    ('AU', 'AMERICAS', 'Curtin University', 'curtin_university', '커틴대학(B형)', 'https://www.curtin.edu.au/study/campus-life/accommodation/#perth', 'https://handbook.curtin.edu.au/', 'https://www.curtin.edu.au/', NULL, 'https://solid-connection.s3.ap-northeast-2.amazonaws.com/original/curtin_university/logo.png', 'https://solid-connection.s3.ap-northeast-2.amazonaws.com/original/curtin_university/1.png'),
    ('NL', 'EUROPE', 'University of Groningen', 'university_of_groningen', '그로닝겐 대학교', 'https://www.rug.nl/feb/education/exchange/incoming/practical-information/accommodation', 'https://www.rug.nl/feb/education/exchange/incoming/before/courses-exams', 'https://www.rug.nl/feb/education/exchange', NULL, 'https://solid-connection.s3.ap-northeast-2.amazonaws.com/original/university_of_groningen/logo.png', 'https://solid-connection.s3.ap-northeast-2.amazonaws.com/original/university_of_groningen/1.png'),
    ('NL', 'EUROPE', 'Saxion University of Applied Sciences ', 'saxion_university_of_applied_sciences', '삭시온대학교', 'https://www.saxion.edu/studying-in-the-netherlands/practical-matters/accommodation/housing-via-saxion', 'https://www.saxion.edu/programmes', 'https://www.saxion.edu/', NULL, 'https://solid-connection.s3.ap-northeast-2.amazonaws.com/original/saxion_university_of_applied_sciences/logo.png', 'https://solid-connection.s3.ap-northeast-2.amazonaws.com/original/saxion_university_of_applied_sciences/1.png'),
    ('NL', 'EUROPE', 'Fontys University of Applied Sciences ', 'fontys_university_of_applied_sciences', '폰티스대학', 'https://fontys.edu/Study-at-Fontys/Practical-information-1/Arriving-in-The-Netherlands-1/Accommodation.htm', 'https://www.fontys.nl/en/Study-at-Fontys/Exchange-programmes', 'https://www.fontys.nl/en/Home.htm', NULL, 'https://solid-connection.s3.ap-northeast-2.amazonaws.com/original/fontys_university_of_applied_sciences/logo.png', 'https://solid-connection.s3.ap-northeast-2.amazonaws.com/original/fontys_university_of_applied_sciences/1.png'),
    ('NO', 'EUROPE', 'BI Norwegian Business School', 'bi_norwegian_business_school', '노르웨이 경영대학', 'https://www.bi.edu/study-at-bi/housing/', 'https://www.bi.edu/programmes-and-individual-courses/exchange-programme/', 'https://www.bi.edu/', NULL, 'https://solid-connection.s3.ap-northeast-2.amazonaws.com/original/bi_norwegian_business_school/logo.png', 'https://solid-connection.s3.ap-northeast-2.amazonaws.com/original/bi_norwegian_business_school/1.png'),
    ('DK', 'EUROPE', 'University of Southern Denmark', 'university_of_southern_denmark', '서던덴마크대학교', 'https://www.sdu.dk/en/uddannelse/information_for_international_students/studenthousing', 'https://www.sdu.dk/en/uddannelse/exchange_programmes', 'https://www.sdu.dk/en', NULL, 'https://solid-connection.s3.ap-northeast-2.amazonaws.com/original/university_of_southern_denmark/logo.png', 'https://solid-connection.s3.ap-northeast-2.amazonaws.com/original/university_of_southern_denmark/1.png'),
    ('DK', 'EUROPE', 'IT University of Copenhagen', 'it_university_of_copenhagen', '코펜하겐 IT대학', 'https://en.itu.dk/Programmes/Student-Life/Practical-information-for-international-students', 'https://en.itu.dk/Programmes/Exchange-students/Become-an-exchange-student-at-ITU', 'https://en.itu.dk/programmes/exchange-students/become-an-exchange-student-at-itu', NULL, 'https://solid-connection.s3.ap-northeast-2.amazonaws.com/original/it_university_of_copenhagen/logo.png', 'https://solid-connection.s3.ap-northeast-2.amazonaws.com/original/it_university_of_copenhagen/1.png'),
    ('DE', 'EUROPE', 'Neu-Ulm University of Applied Sciences', 'neu-ulm_university_of_applied_sciences', '노이울름 대학', 'https://www.hnu.de/fileadmin/user_upload/5_Internationales/International_Incomings/Bewerbung/Housing_Broschure.pdf', 'https://www.hnu.de/en/international/international-exchange-students/courses-taught-in-english', 'https://www.hnu.de/en/international', NULL, 'https://solid-connection.s3.ap-northeast-2.amazonaws.com/original/neu-ulm_university_of_applied_sciences/logo.png', 'https://solid-connection.s3.ap-northeast-2.amazonaws.com/original/neu-ulm_university_of_applied_sciences/1.png'),
    ('DE', 'EUROPE', 'Deggendorf University of Applied Sciences', 'deggendorf_university_of_applied_sciences', '데겐도르프대학', 'https://www.th-deg.de/en/study-with-us/accommodation', 'https://th-deg.de/exchange-students#course-choices', 'www.th-deg.de/exchange', NULL, 'https://solid-connection.s3.ap-northeast-2.amazonaws.com/original/deggendorf_university_of_applied_sciences/logo.png', 'https://solid-connection.s3.ap-northeast-2.amazonaws.com/original/deggendorf_university_of_applied_sciences/1.png'),
    ('DE', 'EUROPE', 'RWU Ravensburg Weingarten University of Applied Sciences ', 'rwu_ravensburg_weingarten_university_of_applied_sciences', '라벤스부르크 바인가르텐 응용과학대학교', 'https://www.rwu.de/en/international/exchange-students/application ', 'https://www.rwu.de/en/international/exchange-students/study-and-course-offer', 'https://www.rwu.de/en', NULL, 'https://solid-connection.s3.ap-northeast-2.amazonaws.com/original/rwu_ravensburg_weingarten_university_of_applied_sciences/logo.png', 'https://solid-connection.s3.ap-northeast-2.amazonaws.com/original/rwu_ravensburg_weingarten_university_of_applied_sciences/1.png'),
    ('DE', 'EUROPE', 'Reutlingen University', 'reutlingen_university', '로이틀링겐 대학', 'https://www.reutlingen-university.de/en/studies/student-life/student-accommodation', NULL, 'https://www.reutlingen-university.de/en/', NULL, 'https://solid-connection.s3.ap-northeast-2.amazonaws.com/original/reutlingen_university/logo.png', 'https://solid-connection.s3.ap-northeast-2.amazonaws.com/original/reutlingen_university/1.png'),
    ('DE', 'EUROPE', 'Ludwigshafen University of Business and Society', 'ludwigshafen_university_of_business_and_society', '루트비히스하펜 경영사회대학교 ', 'https://www.hwg-lu.de/international/exchange-students-from-partner-institutions/before-mobility/housing', 'https://www.hwg-lu.de/international/exchange-students-from-partner-institutions/before-mobility/business-courses-in-english-bachelor', 'https://www.hwg-lu.de/en/', NULL, 'https://solid-connection.s3.ap-northeast-2.amazonaws.com/original/ludwigshafen_university_of_business_and_society/logo.png', 'https://solid-connection.s3.ap-northeast-2.amazonaws.com/original/ludwigshafen_university_of_business_and_society/1.png'),
    ('DE', 'EUROPE', 'Baden-Wuerttemberg cooperative state univ.(DHBW)', 'baden-wuerttemberg_cooperative_state_univ(dhbw)', '바덴뷔르템베르크 산학협력대학', 'https://www.studierendenwerk-stuttgart.de/en/accommodation/', 'https://www.dhbw-stuttgart.de/studium/internationales/international-students/exchange-students/academic-information/', 'https://www.dhbw-stuttgart.de/', NULL, 'https://solid-connection.s3.ap-northeast-2.amazonaws.com/original/baden-wuerttemberg_cooperative_state_univ(dhbw)/logo.png', 'https://solid-connection.s3.ap-northeast-2.amazonaws.com/original/baden-wuerttemberg_cooperative_state_univ(dhbw)/1.png'),
    ('DE', 'EUROPE', 'Freie Universitat Berlin', 'freie_universitat_berlin', '베를린자유대학교', 'http://www.fu-berlin.de/en/sites/unterbringung', 'https://www.fu-berlin.de/vv/en/fb ', 'https://www.fu-berlin.de/en/', NULL, 'https://solid-connection.s3.ap-northeast-2.amazonaws.com/original/freie_universitat_berlin/logo.png', 'https://solid-connection.s3.ap-northeast-2.amazonaws.com/original/freie_universitat_berlin/1.png'),
    ('DE', 'EUROPE', 'Technical University of Applied Sciences Wurzburg-Schweinfurt', 'technical_university_of_applied_sciences_wurzburg-schweinfurt', '뷔르츠부르크-슈바인푸르트 대학', 'https://www.studentenwerk-wuerzburg.de/en/wohnen/move-in-guide.html', 'https://fwiwi.thws.de/en/international/incoming-exchange-students/studying-at-fhws/schedule/', 'https://fwiwi.thws.de/#', NULL, 'https://solid-connection.s3.ap-northeast-2.amazonaws.com/original/technical_university_of_applied_sciences_wurzburg-schweinfurt/logo.png', 'https://solid-connection.s3.ap-northeast-2.amazonaws.com/original/technical_university_of_applied_sciences_wurzburg-schweinfurt/1.png'),
    ('DE', 'EUROPE', 'Hochschule Schmalkalden University of Applied Sciences', 'hochschule_schmalkalden_university_of_applied_sciences', '슈말칼덴 응용과학대학', 'https://www.stw-thueringen.de/en/housing/', 'https://www.hs-schmalkalden.de/en/international/incoming-students/courses-for-incomings/exchange-students', 'https://www.hs-schmalkalden.de/en.html', NULL, 'https://solid-connection.s3.ap-northeast-2.amazonaws.com/original/hochschule_schmalkalden_university_of_applied_sciences/logo.png', 'https://solid-connection.s3.ap-northeast-2.amazonaws.com/original/hochschule_schmalkalden_university_of_applied_sciences/1.png'),
    ('DE', 'EUROPE', 'Stuttgart University of Applied Sciences', 'stuttgart_university_of_applied_sciences', '슈투트가르트 공과대학', 'https://www.hft-stuttgart.com/international/incoming-students/services#c15978', 'https://www.hft-stuttgart.com/international/incoming-students/information-application', 'https://www.hft-stuttgart.de/', NULL, 'https://solid-connection.s3.ap-northeast-2.amazonaws.com/original/stuttgart_university_of_applied_sciences/logo.png', 'https://solid-connection.s3.ap-northeast-2.amazonaws.com/original/stuttgart_university_of_applied_sciences/1.png'),
    ('DE', 'EUROPE', 'University of Applied Sciences Aschaffenburg', 'university_of_applied_sciences_aschaffenburg', '아샤펜부르크 대학', 'https://www.studentenwerk-wuerzburg.de/en/aschaffenburg/student-residences.html', 'https://www.th-ab.de/en/education/exchange-students/course-offer', 'https://www.th-ab.de/en/', NULL, 'https://solid-connection.s3.ap-northeast-2.amazonaws.com/original/university_of_applied_sciences_aschaffenburg/logo.png', 'https://solid-connection.s3.ap-northeast-2.amazonaws.com/original/university_of_applied_sciences_aschaffenburg/1.png'),
    ('DE', 'EUROPE', 'Augsburg University of Applied Sciences', 'augsburg_university_of_applied_sciences', '아우크스부르크대학', 'https://www.hs-augsburg.de/Binaries/Binary49994/EN-Guideline-for-finding-accomondation.pdf ', 'https://www.hs-augsburg.de/en/International/Course-Catalogue.html', 'https://www.hs-augsburg.de/', NULL, 'https://solid-connection.s3.ap-northeast-2.amazonaws.com/original/augsburg_university_of_applied_sciences/logo.png', 'https://solid-connection.s3.ap-northeast-2.amazonaws.com/original/augsburg_university_of_applied_sciences/1.png'),
    ('DE', 'EUROPE', 'Albstadt-Sigmaringen University of Applied Science', 'albstadt-sigmaringen_university_of_applied_science', '알브슈타트 지그마링엔 대학', 'https://www.my-stuwe.de/en/housing/halls-of-residence-albstadt/', 'https://www.hs-albsig.de/fileadmin/user_upload/hsas/International_Office/Courses_in_English_HS_AlbSig.pdf', 'https://www.hs-albsig.de/studieninfos/im-studium/international-office', NULL, 'https://solid-connection.s3.ap-northeast-2.amazonaws.com/original/albstadt-sigmaringen_university_of_applied_science/logo.png', 'https://solid-connection.s3.ap-northeast-2.amazonaws.com/original/albstadt-sigmaringen_university_of_applied_science/1.png'),
    ('DE', 'EUROPE', 'University of Erlangen Nuremberg', 'university_of_erlangen_nuremberg', '에어랑엔 뉘른베르크 대학 ', 'https://www.fau.eu/education/student-life/accommodation-2/', 'https://www.campo.fau.de/qisserver/pages/cm/exa/coursecatalog/showCourseCatalog.xhtml?_flowId=showCourseCatalog-flow&_flowExecutionKey=e1s1&noDBAction=y&init=y', 'https://www.fau.eu/', NULL, 'https://solid-connection.s3.ap-northeast-2.amazonaws.com/original/university_of_erlangen_nuremberg/logo.png', 'https://solid-connection.s3.ap-northeast-2.amazonaws.com/original/university_of_erlangen_nuremberg/1.png'),
    ('DE', 'EUROPE', 'Otto von Guericke University of Magdeburg', 'otto_von_guericke_university_of_magdeburg', '오토폰귀릭케마그데부르그 대학', 'https://tl1host.eu/SWMD/#admission', 'https://www.ovgu.de/unimagdeburg/en/International/Incoming+_+Ways+to+the+University/International+Students/Exchange+Programmes/Studying+as+a+WORLDWIDE+Exchange+Student-p-48750.html', 'https://www.ovgu.de/en/International/Incoming+_+Ways+to+the+University/International+Students/Exchange+Programmes.html', NULL, 'https://solid-connection.s3.ap-northeast-2.amazonaws.com/original/otto_von_guericke_university_of_magdeburg/logo.png', 'https://solid-connection.s3.ap-northeast-2.amazonaws.com/original/otto_von_guericke_university_of_magdeburg/1.png'),
    ('DE', 'EUROPE', 'Carl von Ossietzky University of Oldenburg', 'carl_von_ossietzky_university_of_oldenburg', '올덴부르크 대학', 'https://uol.de/en/exchange-studies/living-in-oldenburg', 'https://elearning.uni-oldenburg.de/plugins.php/veranstaltungsverzeichnis_lvsg/englishmodules?vvz_sem_select=e770f053fbe29f2d1bd56a01d0dde1d0', 'https://uol.de/en/exchange-studies', NULL, 'https://solid-connection.s3.ap-northeast-2.amazonaws.com/original/carl_von_ossietzky_university_of_oldenburg/logo.png', 'https://solid-connection.s3.ap-northeast-2.amazonaws.com/original/carl_von_ossietzky_university_of_oldenburg/1.png'),
    ('DE', 'EUROPE', 'Zepplin University', 'zepplin_university', '제플린대학', 'https://www.zeppelin-university.com/info-wAssets/universitaet/dokumente/international-office/housing.pdf', 'https://zuhause.zeppelin-university.net/scripts/mgrqispi.dll?APPNAME=CampusNet&PRGNAME=ACTION&ARGUMENTS=-AXFLjV7~Wgj~xhfmwa1nYvK3AVqeNsVYlJE1s9BJUvPyN3hZATz-SN~fW4BQGvcqQrbg69LM7Vb2PmCS13njtn6vY7wlZ3PR0VVc--5~HKXDORfzpyZYMWO-LB2OopwYkzVvJJ~JUF3g150btYFH8iNVzj12-lBywRT6Aplt7cIeSaUbvmD5Cny-23I6rfUTkzn1OdViRhkbSGv0_', 'https://www.zu.de/', NULL, 'https://solid-connection.s3.ap-northeast-2.amazonaws.com/original/zepplin_university/logo.png', 'https://solid-connection.s3.ap-northeast-2.amazonaws.com/original/zepplin_university/1.png'),
    ('DE', 'EUROPE', 'Chemnitz University of Technology', 'chemnitz_university_of_technology', '쳄니츠 공과대학', 'https://www.swcz.de/en/student-housing/our-halls-of-residence/', 'https://www.tu-chemnitz.de/international/incoming/erasmus/vlvz.php.en', 'https://www.tu-chemnitz.de/', NULL, 'https://solid-connection.s3.ap-northeast-2.amazonaws.com/original/chemnitz_university_of_technology/logo.png', 'https://solid-connection.s3.ap-northeast-2.amazonaws.com/original/chemnitz_university_of_technology/1.png'),
    ('DE', 'EUROPE', 'Karlsruhe University of Applied Sciences', 'karlsruhe_university_of_applied_sciences', '칼스루에 대학', 'https://www.h-ka.de/en/accommodation', 'https://www.h-ka.de/en/internationalprogram/profile', 'https://www.h-ka.de/en/', NULL, 'https://solid-connection.s3.ap-northeast-2.amazonaws.com/original/karlsruhe_university_of_applied_sciences/logo.png', 'https://solid-connection.s3.ap-northeast-2.amazonaws.com/original/karlsruhe_university_of_applied_sciences/1.png'),
    ('DE', 'EUROPE', 'Heilbronn University of Applied Sciences', 'heilbronn_university_of_applied_sciences', '하일브론 과학대학교', 'https://www.hs-heilbronn.de/accommodation', 'https://cdn.hs-heilbronn.de/4641dc9db5209412/389f4f6cac1d/English-Course-Offer-and-Course-descriptions-Campus-Schw-bisch-Hall_WS-2023-24.pdf', 'https://www.hs-heilbronn.de/en/incoming-exchange-students', NULL, 'https://solid-connection.s3.ap-northeast-2.amazonaws.com/original/heilbronn_university_of_applied_sciences/logo.png', 'https://solid-connection.s3.ap-northeast-2.amazonaws.com/original/heilbronn_university_of_applied_sciences/1.png'),
    ('SE', 'EUROPE', 'Malmo University', 'malmo_university', '말뫼대학', 'https://mau.se/en/education/housing/', 'https://mau.se/en/study-education/?r.PagingNumber=1&r.Languages=en&r.Query=&r.TypesSelected=67498&r.Sort=alphabetically', 'https://student.mau.se/en/', NULL, 'https://solid-connection.s3.ap-northeast-2.amazonaws.com/original/malmo_university/logo.png', 'https://solid-connection.s3.ap-northeast-2.amazonaws.com/original/malmo_university/1.png'),
    ('SE', 'EUROPE', 'University College of Boras', 'university_college_of_boras', '보라스 대학교', 'https://www.hb.se/en/accommodation', 'https://www.hb.se/exchangecourses', 'https://www.hb.se/en/', NULL, 'https://solid-connection.s3.ap-northeast-2.amazonaws.com/original/university_college_of_boras/logo.png', 'https://solid-connection.s3.ap-northeast-2.amazonaws.com/original/university_college_of_boras/1.png'),
    ('CH', 'EUROPE', 'Zurich University of Applied Sciences', 'zurich_university_of_applied_sciences', '취리히응용과학기술대학', 'https://www.zhaw.ch/en/study/before-your-studies/student-accommodation', 'https://www.zhaw.ch/storage/engineering/studium/internationales-studium/vom-ausland-in-die-schweiz/spring_semester_zhaw_school_of_engineering.pdf', 'https://www.zhaw.ch/en/university/', NULL, 'https://solid-connection.s3.ap-northeast-2.amazonaws.com/original/zurich_university_of_applied_sciences/logo.png', 'https://solid-connection.s3.ap-northeast-2.amazonaws.com/original/zurich_university_of_applied_sciences/1.png'),
    ('ES', 'EUROPE', 'Universidad de Navarra', 'universidad_de_navarra', '나바라대학교 ', NULL, NULL, 'https://www.unav.edu/web/facultad-de-derecho/estudiantes/programas-de-intercambio/incoming-students', NULL, 'https://solid-connection.s3.ap-northeast-2.amazonaws.com/original/universidad_de_navarra/logo.png', 'https://solid-connection.s3.ap-northeast-2.amazonaws.com/original/universidad_de_navarra/1.png'),
    ('ES', 'EUROPE', 'Universidad Carlos III de Madrid', 'universidad_carlos_iii_de_madrid', '마드리드카를로스3세 대학교', 'https://www.uc3m.es/studies/international-exchage-students-in-uc3m/bachelor-degrees/Accommodation', 'https://www.uc3m.es/studies/international-exchage-students-in-UC3M/bachelor-degrees/course-offer', 'https://www.uc3m.es/studies/international-exchange-students-in-UC3M-/bachelor-degrees', NULL, 'https://solid-connection.s3.ap-northeast-2.amazonaws.com/original/universidad_carlos_iii_de_madrid/logo.png', 'https://solid-connection.s3.ap-northeast-2.amazonaws.com/original/universidad_carlos_iii_de_madrid/1.png'),
    ('ES', 'EUROPE', 'University of Lleida', 'university_of_lleida', '예이다대학교', 'http://www.udl.cat/ca/serveis/ori/estudiantat_estranger/eng/infoeng/accommodation/', 'https://www.udl.cat/ca/serveis/ori/estudiantat_estranger/eng/infoeng/subjects/', 'https://www.udl.cat/ca/serveis/ori/', NULL, 'https://solid-connection.s3.ap-northeast-2.amazonaws.com/original/university_of_lleida/logo.png', 'https://solid-connection.s3.ap-northeast-2.amazonaws.com/original/university_of_lleida/1.png'),
    ('GB', 'EUROPE', 'University of Hull', 'university_of_hull', '헐대학', 'https://www.hull.ac.uk/Choose-Hull/Student-life/Accommodation/accommodation.aspx', 'https://universityofhull.app.box.com/s/mpvulz3yz0uijdt68rybce19nek0d8eh', 'https://www.hull.ac.uk/choose-hull/study-at-hull/need-to-know/key-dates', NULL, 'https://solid-connection.s3.ap-northeast-2.amazonaws.com/original/university_of_hull/logo.png', 'https://solid-connection.s3.ap-northeast-2.amazonaws.com/original/university_of_hull/1.png'),
    ('AT', 'EUROPE', 'University of Graz', 'university_of_graz', '그라츠 대학', 'https://orientation.uni-graz.at/de/planning-the-arrival/accommodation/', 'https://static.uni-graz.at/fileadmin/veranstaltungen/orientation/documents/incstud_application-courses.pdf', 'https://www.uni-graz.at/en/', NULL, 'https://solid-connection.s3.ap-northeast-2.amazonaws.com/original/university_of_graz/logo.png', 'https://solid-connection.s3.ap-northeast-2.amazonaws.com/original/university_of_graz/1.png'),
    ('AT', 'EUROPE', 'Graz University of Technology', 'graz_university_of_technology', '그라츠공과대학', 'https://www.tugraz.at/en/studying-and-teaching/studying-internationally/incoming-students-exchange-at-tu-graz/your-stay-at-tu-graz/preparation#c75033', 'https://tugraz.at/go/search-courses', 'https://www.tugraz.at/en/home', NULL, 'https://solid-connection.s3.ap-northeast-2.amazonaws.com/original/graz_university_of_technology/logo.png', 'https://solid-connection.s3.ap-northeast-2.amazonaws.com/original/graz_university_of_technology/1.png'),
    ('AT', 'EUROPE', 'Catholic Private University Linz', 'catholic_private_university_linz', '린츠 카톨릭 대학교', NULL, 'https://ku-linz.at/en/ku_international/incomings/kulis', 'https://ku-linz.at/en', NULL, 'https://solid-connection.s3.ap-northeast-2.amazonaws.com/original/catholic_private_university_linz/logo.png', 'https://solid-connection.s3.ap-northeast-2.amazonaws.com/original/catholic_private_university_linz/1.png'),
    ('AT', 'EUROPE', 'University of Applied Sciences Technikum Wien', 'university_of_applied_sciences_technikum_wien', '빈 공과대학교', NULL, 'https://www.technikum-wien.at/en/international/student-mobility/', 'https://www.technikum-wien.at/international/studierendenmobilitaet-2/', NULL, 'https://solid-connection.s3.ap-northeast-2.amazonaws.com/original/university_of_applied_sciences_technikum_wien/logo.png', 'https://solid-connection.s3.ap-northeast-2.amazonaws.com/original/university_of_applied_sciences_technikum_wien/1.png'),
    ('IT', 'EUROPE', 'Polytechnic University of Milan', 'polytechnic_university_of_milan', '밀라노공과대학', NULL, NULL, 'https://www.polimi.it/en', NULL, 'https://solid-connection.s3.ap-northeast-2.amazonaws.com/original/polytechnic_university_of_milan/logo.png', 'https://solid-connection.s3.ap-northeast-2.amazonaws.com/original/polytechnic_university_of_milan/1.png'),
    ('IT', 'EUROPE', 'University of Bergamo', 'university_of_bergamo', '베르가모 대학', NULL, NULL, 'https://en.unibg.it/international/students-exchange', NULL, 'https://solid-connection.s3.ap-northeast-2.amazonaws.com/original/university_of_bergamo/logo.png', 'https://solid-connection.s3.ap-northeast-2.amazonaws.com/original/university_of_bergamo/1.png'),
    ('IT', 'EUROPE', 'University of Ca''Poscari', 'university_of_caposcari', '카포스카리대학교', NULL, 'https://www.unive.it/data/9639/', 'https://www.unive.it/pag/13526', NULL, 'https://solid-connection.s3.ap-northeast-2.amazonaws.com/original/university_of_caposcari/logo.png', 'https://solid-connection.s3.ap-northeast-2.amazonaws.com/original/university_of_caposcari/1.png'),
    ('CZ', 'EUROPE', 'University of Ostrava', 'university_of_ostrava', '오스트라바 대학', 'https://koleje.osu.eu/', 'https://www.osu.eu/22821/courses/', 'https://www.osu.eu', NULL, 'https://solid-connection.s3.ap-northeast-2.amazonaws.com/original/university_of_ostrava/logo.png', 'https://solid-connection.s3.ap-northeast-2.amazonaws.com/original/university_of_ostrava/1.png'),
    ('CZ', 'EUROPE', 'Czech University of Life Sciences Prague', 'czech_university_of_life_sciences_prague', '체코 생명과학대학', NULL, 'https://www.czu.cz/en/r-9190-international-relations/r-17025-course-offer-academic-year-2023-2024', 'https://www.czu.cz/en/', NULL, 'https://solid-connection.s3.ap-northeast-2.amazonaws.com/original/czech_university_of_life_sciences_prague/logo.png', 'https://solid-connection.s3.ap-northeast-2.amazonaws.com/original/czech_university_of_life_sciences_prague/1.png'),
    ('CZ', 'EUROPE', 'Czech Technical University in Prague', 'czech_technical_university_in_prague', '프라하공과대학', 'https://www.suz.cvut.cz/cz', 'https://legacy.mobility.cvut.cz/prospectus/2023/index.php', 'https://international.cvut.cz/', NULL, 'https://solid-connection.s3.ap-northeast-2.amazonaws.com/original/czech_technical_university_in_prague/logo.png', 'https://solid-connection.s3.ap-northeast-2.amazonaws.com/original/czech_technical_university_in_prague/1.png'),
    ('PT', 'EUROPE', 'INSTITUTO SUPERIOR TECNICO-Universidade de Lisboa', 'instituto_superior_tecnico-universidade_de_lisboa', '리스본대학 공과대학', NULL, NULL, 'https://tecnico.ulisboa.pt/en/', NULL, 'https://solid-connection.s3.ap-northeast-2.amazonaws.com/original/instituto_superior_tecnico-universidade_de_lisboa/logo.png', 'https://solid-connection.s3.ap-northeast-2.amazonaws.com/original/instituto_superior_tecnico-universidade_de_lisboa/1.png'),
    ('PT', 'EUROPE', 'Catholic University of Portugal', 'catholic_university_of_portugal', '포르투갈 가톨릭대학', NULL, 'https://catolicabs.porto.ucp.pt/international-programmes-0', 'https://catolicabs.porto.ucp.pt/', NULL, 'https://solid-connection.s3.ap-northeast-2.amazonaws.com/original/catholic_university_of_portugal/logo.png', 'https://solid-connection.s3.ap-northeast-2.amazonaws.com/original/catholic_university_of_portugal/1.png'),
    ('FR', 'EUROPE', 'EBS Paris', 'ebs_paris', 'EBS Paris', NULL, NULL, 'https://www.ebs-paris.fr/', NULL, 'https://solid-connection.s3.ap-northeast-2.amazonaws.com/original/ebs_paris/logo.png', 'https://solid-connection.s3.ap-northeast-2.amazonaws.com/original/ebs_paris/1.png'),
    ('FR', 'EUROPE', 'EPITA', 'epita', 'EPITA', 'http://housing.epitamasters.com', 'https://sway.office.com/u5VHBu9DbBH6Mr8F', 'https://sway.office.com/u5VHBu9DbBH6Mr8F?ref=Link', NULL, 'https://solid-connection.s3.ap-northeast-2.amazonaws.com/original/epita/logo.png', 'https://solid-connection.s3.ap-northeast-2.amazonaws.com/original/epita/1.png'),
    ('FR', 'EUROPE', 'EPITECH(L''echole de L''expertise Informatique)', 'epitech(lechole_de_lexpertise_informatique)', 'EPITECH', 'https://international.epitech.eu/student-life/', 'https://international.epitech.eu/', 'https://international.epitech.eu/', NULL, 'https://solid-connection.s3.ap-northeast-2.amazonaws.com/original/epitech(lechole_de_lexpertise_informatique)/logo.png', 'https://solid-connection.s3.ap-northeast-2.amazonaws.com/original/epitech(lechole_de_lexpertise_informatique)/1.png'),
    ('FR', 'EUROPE', 'ESCE International Business School', 'esce_international_business_school', 'ESCE 국제경영대학', 'https://www.studapart.com/en/studapart/student-accommodation?gad=1&gclid=Cj0KCQjw7uSkBhDGARIsAMCZNJvmPVROiqUSiAO69ks7UWWXcIKO1rGO_hXPmjlx72qsV1SF1VrEzRkaAjTQEALw_wcB', NULL, 'http://www.esce.fr/international/', NULL, 'https://solid-connection.s3.ap-northeast-2.amazonaws.com/original/esce_international_business_school/logo.png', 'https://solid-connection.s3.ap-northeast-2.amazonaws.com/original/esce_international_business_school/1.png'),
    ('FR', 'EUROPE', 'Ecole Superieure des Sciences Commerciales d''Anger', 'ecole_superieure_des_sciences_commerciales_danger', 'ESSCA경영대학', NULL, 'https://pcee.azurewebsites.net', 'https://www.essca.fr/en/international/exchange-student', NULL, 'https://solid-connection.s3.ap-northeast-2.amazonaws.com/original/ecole_superieure_des_sciences_commerciales_danger/logo.png', 'https://solid-connection.s3.ap-northeast-2.amazonaws.com/original/ecole_superieure_des_sciences_commerciales_danger/1.png'),
    ('FR', 'EUROPE', 'IPSA', 'ipsa', 'IPSA', 'https://www.ipsa.fr/en/student-life/pratical-information/', NULL, 'https://www.ipsa.fr/en/engineering-school/aeronautical-space', NULL, 'https://solid-connection.s3.ap-northeast-2.amazonaws.com/original/ipsa/logo.png', 'https://solid-connection.s3.ap-northeast-2.amazonaws.com/original/ipsa/1.png'),
    ('FR', 'EUROPE', 'ISEP', 'isep', 'ISEP', NULL, 'https://en.isep.fr/studying-at-isep/course-catalog/', 'https://en.isep.fr/', NULL, 'https://solid-connection.s3.ap-northeast-2.amazonaws.com/original/isep/logo.png', 'https://solid-connection.s3.ap-northeast-2.amazonaws.com/original/isep/1.png'),
    ('FR', 'EUROPE', 'KEDGE Business School', 'kedge_business_school', 'KEDGE경영대학 ', 'https://student.kedge.edu/student-services/prepare-my-studies-abroad/student-accommodation-in-france', 'https://student.kedge.edu/exchange-programmes/academic-information', 'https://student.kedge.edu', NULL, 'https://solid-connection.s3.ap-northeast-2.amazonaws.com/original/kedge_business_school/logo.png', 'https://solid-connection.s3.ap-northeast-2.amazonaws.com/original/kedge_business_school/1.png'),
    ('FR', 'EUROPE', 'NEOMA Business School', 'neoma_business_school', 'NEOMA경영대학', 'https://neoma-bs.com/welcome-to-neoma/steps/step-3-housing/', 'https://neoma-bs.com/welcome-to-neoma/steps/step-4-courses/', 'https://neoma-bs.com/', NULL, 'https://solid-connection.s3.ap-northeast-2.amazonaws.com/original/neoma_business_school/logo.png', 'https://solid-connection.s3.ap-northeast-2.amazonaws.com/original/neoma_business_school/1.png'),
    ('FR', 'EUROPE', 'HEIP', 'heip', '국제정치대학', 'https://www.studapart.com/en/studapart/student-accommodation?gad=1&gclid=Cj0KCQjw7uSkBhDGARIsAMCZNJvmPVROiqUSiAO69ks7UWWXcIKO1rGO_hXPmjlx72qsV1SF1VrEzRkaAjTQEALw_wcB', NULL, 'https://www.heip.fr/', NULL, 'https://solid-connection.s3.ap-northeast-2.amazonaws.com/original/heip/logo.png', 'https://solid-connection.s3.ap-northeast-2.amazonaws.com/original/heip/1.png'),
    ('FR', 'EUROPE', 'EM NORMANDIE BUSINESS SCHOOL', 'em_normandie_business_school', '노르망디경영대학', 'https://en.em-normandie.com/em-normandie-experience/open-world-studying-abroad/exchange-programmes', 'https://en.em-normandie.com/em-normandie-experience/open-world-studying-abroad/exchange-programmes', 'https://www.em-normandie.com/fr', NULL, 'https://solid-connection.s3.ap-northeast-2.amazonaws.com/original/em_normandie_business_school/logo.png', 'https://solid-connection.s3.ap-northeast-2.amazonaws.com/original/em_normandie_business_school/1.png'),
    ('FR', 'EUROPE', 'La Rochelle Business School', 'la_rochelle_business_school', '라로쉘경영대학 ', 'https://excelia-group.studapart.com/en/', 'https://www.excelia-group.com/student-services/international-students/exchange-students/programmes-details', 'https://www.excelia-group.com/student-services', NULL, 'https://solid-connection.s3.ap-northeast-2.amazonaws.com/original/la_rochelle_business_school/logo.png', 'https://solid-connection.s3.ap-northeast-2.amazonaws.com/original/la_rochelle_business_school/1.png'),
    ('FR', 'EUROPE', 'ESC Rennes School of Business', 'esc_rennes_school_of_business', '렌 경영대학', 'https://www.rennes-sb.com/student-life/accommodation-health/', 'https://www.rennes-sb.com/programmes/exchange-programme/incoming-exchange-students/', 'https://www.rennes-sb.com/programmes/exchange-programme/', NULL, 'https://solid-connection.s3.ap-northeast-2.amazonaws.com/original/esc_rennes_school_of_business/logo.png', 'https://solid-connection.s3.ap-northeast-2.amazonaws.com/original/esc_rennes_school_of_business/1.png'),
    ('FR', 'EUROPE', 'University of Le Havre', 'university_of_le_havre', '르아브르대학', 'https://www.univ-lehavre.fr/spip.php?article70', NULL, 'https://www.univ-lehavre.fr', NULL, 'https://solid-connection.s3.ap-northeast-2.amazonaws.com/original/university_of_le_havre/logo.png', 'https://solid-connection.s3.ap-northeast-2.amazonaws.com/original/university_of_le_havre/1.png'),
    ('FR', 'EUROPE', 'Lille Catholic University', 'lille_catholic_university', '릴 가톨릭 대학', 'https://www.all-lacatho.fr/en/', 'https://www.univ-catholille.fr/sites/default/files/fichiers/VF%20Catalogue%20cours%20en%20anglais%202022-2023_0.pdf', 'http://www.univ-catholille.fr/', NULL, 'https://solid-connection.s3.ap-northeast-2.amazonaws.com/original/lille_catholic_university/logo.png', 'https://solid-connection.s3.ap-northeast-2.amazonaws.com/original/lille_catholic_university/1.png'),
    ('FR', 'EUROPE', 'Lille Catholic University', 'lille_catholic_university', '릴 가톨릭 대학(ESTICE)', 'https://www.all-lacatho.fr/en/list-accommodation', 'https://estice.fr/programs/', 'http://www.univ-catholille.fr/', NULL, 'https://solid-connection.s3.ap-northeast-2.amazonaws.com/original/lille_catholic_university/logo.png', 'https://solid-connection.s3.ap-northeast-2.amazonaws.com/original/lille_catholic_university/1.png'),
    ('FR', 'EUROPE', 'Universite Montpellier 1', 'universite_montpellier_1', '몽펠리에 대학교', 'https://iae.umontpellier.fr/en/institut/accommodation', 'https://iae.umontpellier.fr/en/institut/exchange-students', 'https://www.umontpellier.fr/university-of-montpell', NULL, 'https://solid-connection.s3.ap-northeast-2.amazonaws.com/original/universite_montpellier_1/logo.png', 'https://solid-connection.s3.ap-northeast-2.amazonaws.com/original/universite_montpellier_1/1.png'),
    ('FR', 'EUROPE', 'Ecole d''Architecture, Paris Val de Seine', 'ecole_darchitecture_paris_val_de_seine', '발드센느대학', NULL, 'https://www.paris-valdeseine.archi.fr/fileadmin/mediatheque/document/International/etudiants_entrants/English_speaking_classes.pdf', 'https://www.paris-valdeseine.archi.fr/', NULL, 'https://solid-connection.s3.ap-northeast-2.amazonaws.com/original/ecole_darchitecture_paris_val_de_seine/logo.png', 'https://solid-connection.s3.ap-northeast-2.amazonaws.com/original/ecole_darchitecture_paris_val_de_seine/1.png'),
    ('FR', 'EUROPE', 'Burgundy School of Business', 'burgundy_school_of_business', '부르군디 경영대학', 'https://www.studapart.com/fr', 'https://international.bsb-education.com/course-catalogues/?lang=en', 'https://www.bsb-education.com/', NULL, 'https://solid-connection.s3.ap-northeast-2.amazonaws.com/original/burgundy_school_of_business/logo.png', 'https://solid-connection.s3.ap-northeast-2.amazonaws.com/original/burgundy_school_of_business/1.png'),
    ('FR', 'EUROPE', 'Audencia Business School', 'audencia_business_school', '오덴시아 낭트 경영대학', 'https://www.expatistan.com/cost-of-living/nantes', 'https://apply.exchangestudents.audencia.com/index.cfm?FuseAction=Abroad.ViewLink&Parent_ID=FE40C425-5056-BA1F-74632B3DF27C287E&Link_ID=0365089E-9F2E-9844-AB9F3ABC4462019B', 'https://apply.exchangestudents.audencia.com/', NULL, 'https://solid-connection.s3.ap-northeast-2.amazonaws.com/original/audencia_business_school/logo.png', 'https://solid-connection.s3.ap-northeast-2.amazonaws.com/original/audencia_business_school/1.png'),
    ('FR', 'EUROPE', 'Universite Jean Moulin Lyon 3', 'universite_jean_moulin_lyon_3', '장물랭리옹3세대학교', 'https://associnterlyon3.fr/en/', 'https://www.univ-lyon3.fr/self-study-in-english-in-lyon-france', 'https://www.univ-lyon3.fr/', NULL, 'https://solid-connection.s3.ap-northeast-2.amazonaws.com/original/universite_jean_moulin_lyon_3/logo.png', 'https://solid-connection.s3.ap-northeast-2.amazonaws.com/original/universite_jean_moulin_lyon_3/1.png'),
    ('FR', 'EUROPE', 'Toulouse Business school', 'toulouse_business_school', '툴루즈 경영대학교', 'https://www.tbs-education.com/about-tbs/student-services/', 'https://www.tbs-education.com/about-tbs/international/incoming-exchange-students/', 'https://www.tbs-education.com/', NULL, 'https://solid-connection.s3.ap-northeast-2.amazonaws.com/original/toulouse_business_school/logo.png', 'https://solid-connection.s3.ap-northeast-2.amazonaws.com/original/toulouse_business_school/1.png'),
    ('FR', 'EUROPE', 'Sciences Po Toulouse', 'sciences_po_toulouse', '툴루즈정치대학', NULL, 'https://www.sciencespo-toulouse.fr/en/courses/university-diploma-in-international-comparative-studies', 'http://www.sciencespo-toulouse.fr/home-english-version-589930.kjsp', NULL, 'https://solid-connection.s3.ap-northeast-2.amazonaws.com/original/sciences_po_toulouse/logo.png', 'https://solid-connection.s3.ap-northeast-2.amazonaws.com/original/sciences_po_toulouse/1.png'),
    ('FR', 'EUROPE', 'University of Paris 8', 'university_of_paris_8', '파리8대학교', 'https://www.univ-paris8.fr/-Informations-pratiques-', 'https://www.univ-paris8.fr/-Etudes-diplomes-', 'https://www.univ-paris8.fr/en/', NULL, 'https://solid-connection.s3.ap-northeast-2.amazonaws.com/original/university_of_paris_8/logo.png', 'https://solid-connection.s3.ap-northeast-2.amazonaws.com/original/university_of_paris_8/1.png'),
    ('FI', 'EUROPE', 'Lahti University of Applied Sciences', 'lahti_university_of_applied_sciences', 'LAB대학', 'https://lab.fi/en/exchange-student-guide', 'https://opinto-opas.lab.fi/70064/en/70060/70065?lang=en', 'https://www.lab.fi/en/exchange-student-guide/studies', NULL, 'https://solid-connection.s3.ap-northeast-2.amazonaws.com/original/lahti_university_of_applied_sciences/logo.png', 'https://solid-connection.s3.ap-northeast-2.amazonaws.com/original/lahti_university_of_applied_sciences/1.png'),
    ('FI', 'EUROPE', 'Lappeenranta University of Technology', 'lappeenranta_university_of_technology', '라펜란타기술대학교', 'https://www.loas.fi/en/loas/student-housing-foundation-region-lappeenranta-loas', 'https://www.lut.fi/en/studies/exchange-studies/courses-exchange-students', 'https://www.lut.fi/en/studies/exchange-studies', NULL, 'https://solid-connection.s3.ap-northeast-2.amazonaws.com/original/lappeenranta_university_of_technology/logo.png', 'https://solid-connection.s3.ap-northeast-2.amazonaws.com/original/lappeenranta_university_of_technology/1.png'),
    ('FI', 'EUROPE', 'Turku University of Applied Sciences', 'turku_university_of_applied_sciences', '투르크 응용과학대학', 'https://www.tuas.fi/en/study-tuas/exchange-students/accommodation/', 'https://www.tuas.fi/en/study-tuas/exchange-students/courses/', 'https://www.tuas.fi/en/study-tuas/exchange-students/about/', NULL, 'https://solid-connection.s3.ap-northeast-2.amazonaws.com/original/turku_university_of_applied_sciences/logo.png', 'https://solid-connection.s3.ap-northeast-2.amazonaws.com/original/turku_university_of_applied_sciences/1.png'),
    ('FR', 'EUROPE', 'Universite de Technologie de Troyes', 'universite_de_technologie_de_troyes', '트루아 공과대학', 'https://www.utt.fr/study-at-utt/accommodation', 'https://www.utt.fr/study-at-utt/courses-in-english', 'https://www.utt.fr/study-at-utt/academic-programs', NULL, 'https://solid-connection.s3.ap-northeast-2.amazonaws.com/original/universite_de_technologie_de_troyes/logo.png', 'https://solid-connection.s3.ap-northeast-2.amazonaws.com/original/universite_de_technologie_de_troyes/1.png'),
    ('BN', 'ASIA', 'Universiti Brunei Darussalam', 'universiti_brunei_darussalam', '브루나이 국립대학', NULL, NULL, 'https://ubd.edu.bn/', NULL, 'https://solid-connection.s3.ap-northeast-2.amazonaws.com/original/universiti_brunei_darussalam/logo.png', 'https://solid-connection.s3.ap-northeast-2.amazonaws.com/original/universiti_brunei_darussalam/1.png'),
    ('SG', 'ASIA', 'Singapore Management University', 'singapore_management_university', '싱가폴경영대학', NULL, 'https://publiceservices.smu.edu.sg/psc/ps/EMPLOYEE/HRMS/c/SIS_CR.SIS_CLASS_SEARCH.GBL?&', 'https://publiceservices.smu.edu.sg/psc/ps/EMPLOYEE/HRMS/c/SIS_CR.SIS_CLASS_SEARCH.GBL?&', NULL, 'https://solid-connection.s3.ap-northeast-2.amazonaws.com/original/singapore_management_university/logo.png', 'https://solid-connection.s3.ap-northeast-2.amazonaws.com/original/singapore_management_university/1.png'),
    ('AZ', 'ASIA', 'ADA University', 'ada_university', '아다대학교', NULL, 'https://www.ada.edu.az/frq-content/plugins/policies_x1/entry/20221226165811_72744800.pdf ', 'https://www.ada.edu.az/', NULL, 'https://solid-connection.s3.ap-northeast-2.amazonaws.com/original/ada_university/logo.png', 'https://solid-connection.s3.ap-northeast-2.amazonaws.com/original/ada_university/1.png'),
    ('ID', 'ASIA', 'BINUS University', 'binus_university', '비누스대학 ', 'https://binus.ac.id/binussquare/', 'https://linktr.ee/binusexchange', 'https://io.binus.ac.id/international-students/post/student-exchange-program-2/', NULL, 'https://solid-connection.s3.ap-northeast-2.amazonaws.com/original/binus_university/logo.png', 'https://solid-connection.s3.ap-northeast-2.amazonaws.com/original/binus_university/1.png'),
    ('JP', 'ASIA', 'Kanazawa University', 'kanazawa_university', '가나자와대학', NULL, NULL, 'https://kuglobal.w3.kanazawa-u.ac.jp/eg/', NULL, 'https://solid-connection.s3.ap-northeast-2.amazonaws.com/original/kanazawa_university/logo.png', 'https://solid-connection.s3.ap-northeast-2.amazonaws.com/original/kanazawa_university/1.png'),
    ('JP', 'ASIA', 'Gakushuin University', 'gakushuin_university', '가쿠슈인대학', NULL, 'https://www.univ.gakushuin.ac.jp/iss/en/education/subject.html', 'https://www.univ.gakushuin.ac.jp/iss/en/', NULL, 'https://solid-connection.s3.ap-northeast-2.amazonaws.com/original/gakushuin_university/logo.png', 'https://solid-connection.s3.ap-northeast-2.amazonaws.com/original/gakushuin_university/1.png'),
    ('JP', 'ASIA', 'Kindai University', 'kindai_university', '긴다이대학', NULL, NULL, 'https://www.kindai.ac.jp/english/files/study-at-kindai/prospective.pdf', NULL, 'https://solid-connection.s3.ap-northeast-2.amazonaws.com/original/kindai_university/logo.png', 'https://solid-connection.s3.ap-northeast-2.amazonaws.com/original/kindai_university/1.png'),
    ('JP', 'ASIA', 'Niigata University', 'niigata_university', '니가타대학', 'https://www.niigata-u.ac.jp/en/study/life/housing/', 'https://www.niigata-u.ac.jp/en/study/exchange/', 'https://www.niigata-u.ac.jp/en/study/exchange/', NULL, 'https://solid-connection.s3.ap-northeast-2.amazonaws.com/original/niigata_university/logo.png', 'https://solid-connection.s3.ap-northeast-2.amazonaws.com/original/niigata_university/1.png'),
    ('JP', 'ASIA', 'Toyo University', 'toyo_university', '도요대학', 'https://www.toyo.ac.jp/contents/international-exchange/residence/index.php', NULL, 'https://www.toyo.ac.jp/en/international-exchange/prospective/Exchange-Program/', NULL, 'https://solid-connection.s3.ap-northeast-2.amazonaws.com/original/toyo_university/logo.png', 'https://solid-connection.s3.ap-northeast-2.amazonaws.com/original/toyo_university/1.png'),
    ('JP', 'ASIA', 'Toyo University', 'toyo_university', '도요대학', 'https://www.toyo.ac.jp/contents/international-exchange/residence/index.php', NULL, 'https://www.toyo.ac.jp/en/international-exchange/prospective/Exchange-Program/', NULL, 'https://solid-connection.s3.ap-northeast-2.amazonaws.com/original/toyo_university/logo.png', 'https://solid-connection.s3.ap-northeast-2.amazonaws.com/original/toyo_university/1.png'),
    ('JP', 'ASIA', 'Dokkyo University', 'dokkyo_university', '돗쿄대학', 'https://www.dokkyo.ac.jp/english/exchange/student/accommodation.html', 'https://www.dokkyo.ac.jp/english/exchange/calendar/syllabus.html', 'https://www.dokkyo.ac.jp/english/', NULL, 'https://solid-connection.s3.ap-northeast-2.amazonaws.com/original/dokkyo_university/logo.png', 'https://solid-connection.s3.ap-northeast-2.amazonaws.com/original/dokkyo_university/1.png'),
    ('JP', 'ASIA', 'Meiji University', 'meiji_university', '메이지대학', 'https://www.meiji.ac.jp/cip/english/admissions/co7mm90000000461-att/co7mm900000004fa.pdf', NULL, 'https://www.meiji.ac.jp/cip/english/admissions/co7mm90000000461-att/co7mm900000004fa.pdf', NULL, 'https://solid-connection.s3.ap-northeast-2.amazonaws.com/original/meiji_university/logo.png', 'https://solid-connection.s3.ap-northeast-2.amazonaws.com/original/meiji_university/1.png'),
    ('JP', 'ASIA', 'BAIKA Women''s University', 'baika_womens_university', '바이카여자대학', 'https://dormy-ac.com/page/baika/', NULL, 'https://www.baika.ac.jp/english/', NULL, 'https://solid-connection.s3.ap-northeast-2.amazonaws.com/original/baika_womens_university/logo.png', 'https://solid-connection.s3.ap-northeast-2.amazonaws.com/original/baika_womens_university/1.png'),
    ('JP', 'ASIA', 'Bunkyo Gakuin University', 'bunkyo_gakuin_university', '분쿄가쿠인대학', NULL, NULL, 'https://www.bgu.ac.jp/', NULL, 'https://solid-connection.s3.ap-northeast-2.amazonaws.com/original/bunkyo_gakuin_university/logo.png', 'https://solid-connection.s3.ap-northeast-2.amazonaws.com/original/bunkyo_gakuin_university/1.png'),
    ('JP', 'ASIA', 'Yamaguchi University', 'yamaguchi_university', '야마구치대학', '-', NULL, 'http://www.isc.yamaguchi-u.ac.jp/inbound/FGSS_course_list/pdf', NULL, 'https://solid-connection.s3.ap-northeast-2.amazonaws.com/original/yamaguchi_university/logo.png', 'https://solid-connection.s3.ap-northeast-2.amazonaws.com/original/yamaguchi_university/1.png'),
    ('JP', 'ASIA', 'Osaka Gakuin University', 'osaka_gakuin_university', '오사카가쿠인대학', 'https://www.ogu.ac.jp/english/int_exchange/ie_program/housing.html', 'https://www.ogu.ac.jp/english/int_exchange/ie_program/syllabi.html', 'https://www.ogu.ac.jp/english/int_exchange/ie_program/schedule.html', NULL, 'https://solid-connection.s3.ap-northeast-2.amazonaws.com/original/osaka_gakuin_university/logo.png', 'https://solid-connection.s3.ap-northeast-2.amazonaws.com/original/osaka_gakuin_university/1.png'),
    ('JP', 'ASIA', 'Otsuma Women''s University', 'otsuma_womens_university', '오츠마여자대학', 'https://www.otsuma.ac.jp/english/international/dormitory.html', NULL, 'https://www.otsuma.ac.jp/english/index.html', NULL, 'https://solid-connection.s3.ap-northeast-2.amazonaws.com/original/otsuma_womens_university/logo.png', 'https://solid-connection.s3.ap-northeast-2.amazonaws.com/original/otsuma_womens_university/1.png'),
    ('JP', 'ASIA', 'Waseda University', 'waseda_university', '와세다대학', 'https://www.waseda.jp/inst/rlc/en/student_dormitory/exchange/ ', NULL, 'https://www.waseda.jp/inst/cie/en/exchange/application    ', NULL, 'https://solid-connection.s3.ap-northeast-2.amazonaws.com/original/waseda_university/logo.png', 'https://solid-connection.s3.ap-northeast-2.amazonaws.com/original/waseda_university/1.png'),
    ('JP', 'ASIA', 'Chuo University', 'chuo_university', '추오대학', 'https://www.chuo-u.ac.jp/english/admissions/residences/', NULL, 'https://www.chuo-u.ac.jp/english/admissions/exchange/semester-or-full-year/', NULL, 'https://solid-connection.s3.ap-northeast-2.amazonaws.com/original/chuo_university/logo.png', 'https://solid-connection.s3.ap-northeast-2.amazonaws.com/original/chuo_university/1.png'),
    ('JP', 'ASIA', 'Chiba University', 'chiba_university', '치바대학', 'https://www.chiba-u.ac.jp/international/isd/en/index.html', NULL, 'https://www.chiba-u.ac.jp/e/', NULL, 'https://solid-connection.s3.ap-northeast-2.amazonaws.com/original/chiba_university/logo.png', 'https://solid-connection.s3.ap-northeast-2.amazonaws.com/original/chiba_university/1.png'),
    ('TR', 'ASIA', 'ANKARA UNIVERSITY', 'ankara_university', '앙카라대학', NULL, 'http://iso.ankara.edu.tr/en/mainpage/', 'https://en.ankara.edu.tr/', NULL, 'https://solid-connection.s3.ap-northeast-2.amazonaws.com/original/ankara_university/logo.png', 'https://solid-connection.s3.ap-northeast-2.amazonaws.com/original/ankara_university/1.png'),
    ('TR', 'ASIA', 'Ozyegin University', 'ozyegin_university', '외즈예인대학교', 'https://www.ozyegin.edu.tr/en/dormitories/housing-fees', 'https://www.ozyegin.edu.tr/en/ects-course-catalog-courses-offered/courses-offered', 'https://www.ozyegin.edu.tr/en', NULL, 'https://solid-connection.s3.ap-northeast-2.amazonaws.com/original/ozyegin_university/logo.png', 'https://solid-connection.s3.ap-northeast-2.amazonaws.com/original/ozyegin_university/1.png'),
    ('HK', 'ASIA', 'Shue Yan University', 'shue_yan_university', '수인대학교', NULL, 'https://iu.hksyu.edu/wp-content/uploads/2022/08/CourseListForExchangeStudents2022-23-20220816.pdf', 'https://iu.hksyu.edu/', NULL, 'https://solid-connection.s3.ap-northeast-2.amazonaws.com/original/shue_yan_university/logo.png', 'https://solid-connection.s3.ap-northeast-2.amazonaws.com/original/shue_yan_university/1.png'),
    ('HK', 'ASIA', 'City Univ Hong Kong', 'city_univ_hong_kong', '홍콩시립대학', 'https://www.cityu.edu.hk/sro/StudentHousing/UGHalls/InboundExchangeStudents.htm', 'https://www.cityu.edu.hk/admo/exchange/exchange_course_list_202402.pdf', 'https://www.admo.cityu.edu.hk/exchange_visiting/exchange/info/', NULL, 'https://solid-connection.s3.ap-northeast-2.amazonaws.com/original/city_univ_hong_kong/logo.png', 'https://solid-connection.s3.ap-northeast-2.amazonaws.com/original/city_univ_hong_kong/1.png'),
    ('TW', 'CHINA', 'National Chengchi University', 'national_chengchi_university', '국립정치대학교', NULL, 'https://qrysub.nccu.edu.tw/', 'https://oic.nccu.edu.tw/Post/833', NULL, 'https://solid-connection.s3.ap-northeast-2.amazonaws.com/original/national_chengchi_university/logo.png', 'https://solid-connection.s3.ap-northeast-2.amazonaws.com/original/national_chengchi_university/1.png'),
    ('TW', 'CHINA', 'National Sun Yat-sen University', 'national_sun_yat-sen_university', '국립중산대학', 'https://oia.nsysu.edu.tw/p/412-1308-20581.php?Lang=en', 'https://oia.nsysu.edu.tw/p/412-1308-20770.php?Lang=en', 'https://oia.nsysu.edu.tw/p/412-1308-20581.php?Lang=en', NULL, 'https://solid-connection.s3.ap-northeast-2.amazonaws.com/original/national_sun_yat-sen_university/logo.png', 'https://solid-connection.s3.ap-northeast-2.amazonaws.com/original/national_sun_yat-sen_university/1.png'),
    ('TW', 'CHINA', 'National Central University', 'national_central_university', '국립중앙대학교', NULL, 'https://cis.ncu.edu.tw/Course/main/news/announce', 'http://oia.ncu.edu.tw/index.php/en/international-students/incoming-exchange-programs.html', NULL, 'https://solid-connection.s3.ap-northeast-2.amazonaws.com/original/national_central_university/logo.png', 'https://solid-connection.s3.ap-northeast-2.amazonaws.com/original/national_central_university/1.png'),
    ('TW', 'CHINA', 'University of Taipei', 'university_of_taipei', '타이베이시립대학', NULL, NULL, 'https://international.utaipei.edu.tw/index.php?Lang=en', NULL, 'https://solid-connection.s3.ap-northeast-2.amazonaws.com/original/university_of_taipei/logo.png', 'https://solid-connection.s3.ap-northeast-2.amazonaws.com/original/university_of_taipei/1.png'),
    ('CN', 'CHINA', 'Jiangnan University', 'jiangnan_university', '강남대학교', NULL, NULL, 'http://www.jiangnan.edu.cn/', NULL, 'https://solid-connection.s3.ap-northeast-2.amazonaws.com/original/jiangnan_university/logo.png', 'https://solid-connection.s3.ap-northeast-2.amazonaws.com/original/jiangnan_university/1.png'),
    ('CN', 'CHINA', 'Jilin University', 'jilin_university', '길림대학교', NULL, NULL, 'http://cie.jlu.edu.cn/', NULL, 'https://solid-connection.s3.ap-northeast-2.amazonaws.com/original/jilin_university/logo.png', 'https://solid-connection.s3.ap-northeast-2.amazonaws.com/original/jilin_university/1.png'),
    ('CN', 'CHINA', 'Nanjing Normal University', 'nanjing_normal_university', '남경사범대학교', NULL, NULL, 'http://gjc.njnu.edu.cn/index.htm', NULL, 'https://solid-connection.s3.ap-northeast-2.amazonaws.com/original/nanjing_normal_university/logo.png', 'https://solid-connection.s3.ap-northeast-2.amazonaws.com/original/nanjing_normal_university/1.png'),
    ('CN', 'CHINA', 'Donghua University', 'donghua_university', '동화대학교', 'https://korean.dhu.edu.cn/accommodation/list.htm', 'https://english.dhu.edu.cn/incoming/list.htm', 'http://english.dhu.edu.cn ', NULL, 'https://solid-connection.s3.ap-northeast-2.amazonaws.com/original/donghua_university/logo.png', 'https://solid-connection.s3.ap-northeast-2.amazonaws.com/original/donghua_university/1.png'),
    ('CN', 'CHINA', 'Shandong University, Weihai', 'shandong_university_weihai', '산동대학교(위해)', NULL, NULL, 'https://en.wh.sdu.edu.cn/', NULL, 'https://solid-connection.s3.ap-northeast-2.amazonaws.com/original/shandong_university_weihai/logo.png', 'https://solid-connection.s3.ap-northeast-2.amazonaws.com/original/shandong_university_weihai/1.png'),
    ('CN', 'CHINA', 'Yantai University', 'yantai_university', '연태대학교', NULL, NULL, 'https://en.ytu.edu.cn/', NULL, 'https://solid-connection.s3.ap-northeast-2.amazonaws.com/original/yantai_university/logo.png', 'https://solid-connection.s3.ap-northeast-2.amazonaws.com/original/yantai_university/1.png'),
    ('CN', 'CHINA', 'Zhejiang Normal University', 'zhejiang_normal_university', '절강사범대학교', NULL, 'http://iso.zjnu.edu.cn/wistwofwwrogramsw2018/list.htm', 'http://iso.zjnu.edu.cn/ywb/main.htm', NULL, 'https://solid-connection.s3.ap-northeast-2.amazonaws.com/original/zhejiang_normal_university/logo.png', 'https://solid-connection.s3.ap-northeast-2.amazonaws.com/original/zhejiang_normal_university/1.png'),
    ('CN', 'CHINA', 'Minzu University of China', 'minzu_university_of_china', '중앙민족대학교', NULL, NULL, 'https://oir.muc.edu.cn/', NULL, 'https://solid-connection.s3.ap-northeast-2.amazonaws.com/original/minzu_university_of_china/logo.png', 'https://solid-connection.s3.ap-northeast-2.amazonaws.com/original/minzu_university_of_china/1.png'),
    (NULL, NULL, 'SAF Program', 'saf_program', 'SAF 프로그램', NULL, NULL, 'http://korea.studyabroadfoundation.org/', NULL, 'https://solid-connection.s3.ap-northeast-2.amazonaws.com/original/saf_program/logo.png', 'https://solid-connection.s3.ap-northeast-2.amazonaws.com/original/saf_program/1.png');

INSERT INTO university_info_for_apply
(university_id, semester_requirement, student_capacity, semester_available_for_dispatch, tuition_fee_type, details_for_major, details_for_apply, details_for_language, details_for_english_course, details_for_accommodation, details)
VALUES
    (1, 2, 1, 'IRRELEVANT', 'HOME_UNIVERSITY_PAYMENT', '파견대학에 지원하는 전공과 본교 전공이 일치해야함', NULL, '외국어 성적 유효기간이 파견대학의 지원시까지 유효해야함', NULL, NULL, NULL),
    (2, 2, 2, 'IRRELEVANT', 'OVERSEAS_UNIVERSITY_PAYMENT', '파견대학에 지원하는 전공과 본교 전공이 일치해야함', NULL, '외국어 성적 유효기간이 파견대학의 지원시까지 유효해야함', NULL, NULL, '등록금 관련 정보: https://www.uog.edu/financial-aid/cost-to-attend'),
    (3, 2, 5, 'IRRELEVANT', 'OVERSEAS_UNIVERSITY_PAYMENT', '- 지원가능전공: 공학계열 관련 전공자<br>- 파견대학에 지원하는 전공과 본교 전공이 일치해야함', NULL, '영어 점수는 다음의 세부영역 점수를 각각 만족해야 함<br>    - IELTS : 모든 영역에서 5.5 이상', NULL, NULL, ' - The Engineering International Programs (EIP) Programs 안의 글로벌 하이브리드 프로그램으로 선발됨 <br>※ 하이브리드 프로그램: 정규 과목 + 비정규 General Education Courses 과목 수강으로 구성, 정규(약 6학점) / 비정규 (약 135시간 이상) 수업 수강 (세부사항 변동 가능)<br>- 기숙사가 있지만 기숙사 확정이 늦게 발표되고 전원보장이 어려워, 외부숙소로 진행될 수도 있음, 한 학기 기숙사 비용: 약 $4,500~$6,000<br>- 한 학기 등록금: 약 $7,500<br>- International Program and Service Fees $2,500'),
    (4, 2, 1, 'ONE_SEMESTER', 'HOME_UNIVERSITY_PAYMENT', '- 지원가능전공: 공학계열 관련 전공자<br>- 파견대학에 지원하는 전공과 본교 전공이 일치해야함', NULL, '영어 점수는 다음의 세부영역 점수를 각각 만족해야 함<br>    - IELTS : 모든 영역에서 6.5 이상', NULL, NULL, ' - The Engineering International Programs (EIP) Programs 안의 글로벌 하이브리드 프로그램으로 선발됨 <br>※ 하이브리드 프로그램: 정규 과목 + 비정규 General Education Courses 과목 수강으로 구성, 정규(약 6학점) / 비정규 (약 135시간 이상) 수업 수강 (세부사항 변동 가능)<br>- 기숙사가 있지만 기숙사 확정이 늦게 발표되고 전원보장이 어려워, 외부숙소로 진행될 수도 있음, 한 학기 기숙사 비용: 약 $4,500~$6,000<br>- International Program and Service Fees $2,500'),
    (5, 2, 5, 'ONE_SEMESTER', 'HOME_UNIVERSITY_PAYMENT', '타전공 지원 및 수강 가능<br>- 학과에 지원 전제조건이 있을 경우 충족해야 함', NULL, '외국어 성적 유효기간이 파견대학의 지원하는 시점까지 유효해야함', NULL, NULL, '※ On Campus 기숙사 신청 필수! (기숙사 미신청 시 해외대학등록금납부형(B형)으로 전환)<br>- 기숙사 관련 정보 : https://www.unk.edu/offices/reslife/housing-options.php<br>- 보험료 약 $2,273/학기 (가격변동가능), 보험 가입 필수!<br>https://www.unk.edu/international/international-student-services/medical-insurance.php'),
    (6, 2, 5, 'IRRELEVANT', 'OVERSEAS_UNIVERSITY_PAYMENT', '타전공 지원 및 수강 가능<br>- 학과에 지원 전제조건이 있을 경우 충족해야 함', 'ELI(어학연수) 과정으로 지원시 영어 성적 무관 (https://www.unk.edu/international/english-language-institute/index.php)', '외국어 성적 유효기간이 파견대학의 지원하는 시점까지 유효해야함', NULL, NULL, '- ELI 어학연수 과정으로 지원시, 전공/ ESL 크레딧은 자체배치고사 점수에 따라 상이<br>- 기숙사 관련 정보 : https://www.unk.edu/offices/reslife/housing-options.php<br>- 등록금 관련 정보 : https://www.unk.edu/costs.php<br>- 보험료 약 $2,273/학기 (가격변동가능), 보험 가입 필수!<br>https://www.unk.edu/international/international-student-services/medical-insurance.php'),
    (7, 2, 4, 'ONE_SEMESTER', 'HOME_UNIVERSITY_PAYMENT', '- 타전공 지원 및 수강 가능<br>지원불가능전공 : Nursing, Athletic training, Education', NULL, '-영어 점수는 다음의 세부영역 점수를 각각 <br>  만족해야 함<br>    - TOEFL iBT : 모든 영역에서 15점 이상<br>    - IELTS : 모든 영역에서 5.5 이상<br> - 외국어 성적 유효기간이 파견대학의 학기 시작하는 날까지 유효해야함', NULL, NULL, '한 학기 기숙사 비용: 약 $5,442 '),
    (8, 2, 5, 'IRRELEVANT', 'OVERSEAS_UNIVERSITY_PAYMENT', '- 타전공 지원 및 수강 가능<br>지원불가능전공 : Nursing, Athletic training, Education', NULL, '-영어 점수는 다음의 세부영역 점수를 각각 <br>  만족해야 함<br>    - TOEFL iBT : 모든 영역에서 15점 이상<br>    - IELTS : 모든 영역에서 5.5 이상<br> - 외국어 성적 유효기간이 파견대학의 학기 시작하는 날까지 유효해야함', NULL, NULL, '한 학기 등록금: 약 $6,938 (in-state 적용, 2023-24기준)<br>한 학기 기숙사 비용: 약 $5,442'),
    (9, 2, 2, 'ONE_SEMESTER', 'HOME_UNIVERSITY_PAYMENT', '타전공 지원 및 수강 가능', NULL, '영어 점수는 다음의 세부영역 점수를 각각 만족해야함<br>   - IELTS: 쓰기 영역에서 5.0 이상', NULL, NULL, '교내 기숙사가 한정되어있어 배정 받지 못할 가능성 있음<br>- College Fee : 약 $1,070'),
    (10, 2, 5, 'IRRELEVANT', 'OVERSEAS_UNIVERSITY_PAYMENT', '타전공 지원 및 수강 가능', NULL, '영어 점수는 다음의 세부영역 점수를 각각 만족해야함<br>   - IELTS: 쓰기 영역에서 5.0 이상', NULL, NULL, '교내 기숙사가 한정되어있어 배정 받지 못할 가능성 있음<br>- 한 학기 등록금: 약 $9,450 (out of state)<br>- College Fee : 약 $1,070'),
    (11, 2, 5, 'IRRELEVANT', 'OVERSEAS_UNIVERSITY_PAYMENT', '- 지원 불가 전공 : Writing (WRT), Health Sciences, Nursing, Pharmacology, Education<br>- Languages 강좌(독일어, 프랑스어 등), Dance, Theatre Arts and Cinema & Cultural Studies 수강 제한<br>- Business/Accounting 전공 학생은 최대 3학점까지만 전공 수업 수강 가능하며 나머지 학점은 다른 전공에서 수강 가능', NULL, NULL, NULL, NULL, '- 한 학기 기숙사 비용: 약 $4,500~6,200<br>- 한 학기 등록금: 약 $12,495 (out of state 적용)<br>- 등록금 및 기타 Fee Rates 관련 정보: https://www.stonybrook.edu/commcms/sfs/tuition/index.php'),
    (12, 2, 2, 'ONE_SEMESTER', 'HOME_UNIVERSITY_PAYMENT', '- 파견대학에 지원 및 수강하는 전공과 본교 전공이 일치해야함<br>- 지원 불가 전공 : Nursing', NULL, '외국어 성적 유효기간이 파견대학의 지원시까지 유효해야함', NULL, NULL, NULL),
    (13, 2, 5, 'IRRELEVANT', 'OVERSEAS_UNIVERSITY_PAYMENT', '- 파견대학에 지원 및 수강하는 전공과 본교 전공이 일치해야함<br>- 지원 불가 전공 : Nursing', NULL, '외국어 성적 유효기간이 파견대학의 지원시까지 유효해야함', NULL, NULL, '한 학기 등록금: 약 $6,892 (In-state 적용)'),
    (14, 2, 2, 'ONE_SEMESTER', 'HOME_UNIVERSITY_PAYMENT', ' - 타전공 지원 및 수강 가능<br>지원 불가 전공: Nursing, Counseling, Music, Teaching, Occupational and Speech therapy', NULL, '외국어 성적 유효기간이 파견대학의 지원시까지 유효해야함', NULL, NULL, NULL),
    (15, 2, 1, 'IRRELEVANT', 'OVERSEAS_UNIVERSITY_PAYMENT', ' - 타전공 지원 및 수강 가능<br>지원 불가 전공: Nursing, Counseling, Music, Teaching, Occupational and Speech therapy', NULL, '외국어 성적 유효기간이 파견대학의 지원시까지 유효해야함', NULL, NULL, '한 학기 등록금: 약 $6,000 (in state+10%) '),
    (16, 2, 2, 'ONE_SEMESTER', 'HOME_UNIVERSITY_PAYMENT', '- 지원불가능전공: <br>Athletic Training, Border and Homeland Security, Border Security, Intelligence, Security, Studies and Analysis, and Nursing', NULL, NULL, NULL, NULL, '- 모든 국제학생들은 안전과 영어향상을 위해 무조건 기숙사를 사용을 강제하는 International Studies Policy를 공지합니다'),
    (17, 2, 5, 'IRRELEVANT', 'OVERSEAS_UNIVERSITY_PAYMENT', '- 지원불가능전공: <br>Athletic Training, Border and Homeland Security, Border Security, Intelligence, Security, Studies and Analysis, and Nursing', NULL, NULL, NULL, NULL, '- 모든 국제학생들은 안전과 영어향상을 위해 무조건 기숙사를 사용을 강제하는 International Studies Policy를 공지합니다<br>- 등록금은 in-state rate 적용됨<br>- 1년 과정으로 봄학기 수학 후 가을학기 수학을 하는 경우, 여름학기 수강 가능 (Optional)'),
    (18, 2, 1, 'ONE_SEMESTER', 'HOME_UNIVERSITY_PAYMENT', '타전공 지원 및 수강 가능', NULL, '영어 점수는 다음의 세부영역 점수를 각각 만족해야 함<br>  - TOEFL IBT: 모든 영역에서 18점 이상<br>  - IELTS : 모든 영역에서 6.0 이상 <br>  - Duolingo : 모든 영역에서 95점 이상 (Duolingo의 경우, 토플과 아이엘츠 성적을 보유하지 않은 경우 예외적으로 적용되므로 합격 이후 필요시 파견교에서 영어능력에 대해 재확인할 수 있음/ https://www.uah.edu/admissions/undergraduate/apply-for-admission/international)<br> - 외국어 성적 유효기간이 파견대학의 학기 시작하는 날까지 유효해야함', NULL, NULL, NULL),
    (19, 2, 1, 'IRRELEVANT', 'OVERSEAS_UNIVERSITY_PAYMENT', '타전공 지원 및 수강 가능', NULL, '영어 점수는 다음의 세부영역 점수를 각각 만족해야 함<br>  - TOEFL IBT: 모든 영역에서 18점 이상<br>  - IELTS : 모든 영역에서 6.0 이상 <br>  - Duolingo : 모든 영역에서 95점 이상 (Duolingo의 경우, 토플과 아이엘츠 성적을 보유하지 않은 경우 예외적으로 적용되므로 합격 이후 필요시 파견교에서 영어능력에 대해 재확인할 수 있음/ https://www.uah.edu/admissions/undergraduate/apply-for-admission/international)<br> - 외국어 성적 유효기간이 파견대학의 학기 시작하는 날까지 유효해야함', NULL, NULL, '등록금 관련 정보 : https://www.uah.edu/bursar/tuition'),
    (20, 2, 5, 'IRRELEVANT', 'OVERSEAS_UNIVERSITY_PAYMENT', '- 선이수과목이 비숫해야 후에 IIT에서 전공과목을 수강할 수 있음<br>- 타전공 지원 및 수강 가능 (단, 각 학과의 사전허가 필요)', 'SAT시험 면제 조건으로 교양 및 전공 포함하여 최소 30학점 이수하여야 하며 입학사정시 전공과목 및 영어과목 위주로 검토 됨. ', '영어 점수는 다음의 세부영역 점수를 각각 만족해야 함<br>  - TOEFL IBT: 모든 영역에서 20점 이상<br>  - IELTS : 모든 영역에서 6.0 이상 <br> - 외국어 성적 유효기간이 파견대학의 학기 시작하는 날까지 유효해야함', NULL, '- 식비(Meal Plan) 정보 <br>https://www.iit.edu/housing/dining-and-meal-plan/options-and-rates    <br>- 세부사항 변동 가능', '※ IIT 사이트 요약 : https://www.iit.edu/admissions-aid/tuition-and-aid/undergraduate-costs-and-aid<br>- 학비관련 링크 : https://web.iit.edu/student-accounting/tuition-fees/current-tuition/main-campus-undergraduate<br>- 한 학기 등록금: 약 $14.820 (방문학생 학비장학금 $10,000/학기 차감한 금액 기준, 징학금은 12크레딧 이상 full time 등록 시에만 지급 가능)<br>- 보험료 링크 : https://www.iit.edu/shwc/insurance/plan-info-and-requirements<br>- 세부사항 변동 가능'),
    (21, 4, 5, 'FOUR_SEMESTER', 'OVERSEAS_UNIVERSITY_PAYMENT', '파견대학에 지원하는 전공과 본교 전공이 정확하게 일치해야함', 'SAT시험 면제 조건으로 교양 및 전공 포함하여 최소 30학점 이수하여야 하며 입학사정시 전공과목 및 영어과목 위주로 검토 됨. <br>- 2023-2학기에 4차 학기 이수 예정인 학생도 조건부 지원 가능<br>(반드시 정규학기 이수하여야 2024-1 파견 가능)', '영어 점수는 다음의 세부영역 점수를 각각 만족해야 함<br>  - TOEFL IBT: 모든 영역에서 20점 이상<br>  - IELTS : 모든 영역에서 6.0 이상 <br> - 외국어 성적 유효기간이 파견대학의 학기 시작하는 날까지 유효해야함', NULL, '- 식비(Meal Plan) 정보 <br>https://www.iit.edu/housing/dining-and-meal-plan/options-and-rates    <br>- 세부사항 변동 가능', '※ IIT 사이트 요약 : https://www.iit.edu/admissions-aid/tuition-and-aid/undergraduate-costs-and-aid<br>- 학비관련 링크 : https://web.iit.edu/student-accounting/tuition-fees/current-tuition/main-campus-undergraduate<br>- 한 학기 등록금: 약 $14.820 (방문학생 학비장학금 $10,000/학기 차감한 금액 기준, 징학금은 12크레딧 이상 full time 등록 시에만 지급 가능)<br>- 보험료 링크 : https://www.iit.edu/shwc/insurance/plan-info-and-requirements<br>- 세부사항 변동 가능'),
    (22, 2, 2, 'IRRELEVANT', 'HOME_UNIVERSITY_PAYMENT', NULL, NULL, NULL, NULL, NULL, '※ 테일러대학은 기독교 정신을 기반으로 설립된 학교이므로 대다수의 학생들이 기독교를 믿고 있음. 기독교에 거부감이 없고 성실한 학교생활을 하며, 정기적인 교회 생활을 하고있는 학생들만 지원 권장<br>- 원칙은 1학기 지원이나, 2학기도 학생이 원하면 지원 가능  <br>다만, 파견대학에서 학생의 교환학생 성과를 평가해 이에 미치지 못할 경우 2학기를 이어 진행하지 못하고 한 학기만 진행할 수 있으니 해당 사항 유의하기 바람. 이에 2학기를 지원하는 학생의 경우, 파견 지원 전 반드시 지역담당자에게 사전에 연락해 관련 내용에 대해 논의하고 지원하길 바람. '),
    (23, 2, 5, 'IRRELEVANT', 'MIXED_PAYMENT', '- 타전공 지원 및 수강 가능<br>- 다음 전공들은 지원 가능하나 수강신청이 제한적일 수 있음 Architecture, Computer & Information Sciences, Business, Education, Performing Arts (Dance, Music, Theater), Professional Schools (Dentistry, Law, Medicine, Pharmacy, Podiatry), Visual Arts (Film/Media Arts, Graphic Design, Fine Arts, etc), Sport, Tourism and Hospitality Management<br>- Business 전공의 경우, 본교 경영학과 학생만 지원가능', NULL, '영어 점수는 다음의 세부영역 점수를 각각 만족해야 함 <br>  - IELTS : 모든 영역에서 6 이상<br>- 영어시험 성적 파견대학 지원시까지 유효하여야 함<br>- 최저 기준 어학 점수가 넘더라도, 선발대학에서 특정 섹션의 어학실력이 부족하다고 판단될 경우 파견 시 별도로 대학부설 어학코스(ielp) 수강이 필요할 수 있음 [수업료 외 별도,비용발생]', NULL, NULL, '※ 1개 학기로도 지원 가능<br>※ 혼합형은 첫 번째 학기는 템플대학교에 등록금 지불, 두 번째 학기는 인하대에 등록금 지불하는 유형 (2개 학기를 모두 마치고 올 경우에만 두 번쨰 학기에 템플대학교 등록금 면제 및 인하대에 등록금 지불 적용 가능)<br>- 한 학기 등록금: 약 $15,432 (out of rate, 관련정보: https://globalprograms.temple.edu/programs/inbound-study-abroad-exchange/costs-dates)<br>- 한 학기 기숙사: 약 $5,000 (기숙사 유형에 따라 상이)'),
    (24, 2, 2, 'ONE_SEMESTER', 'HOME_UNIVERSITY_PAYMENT', '- 파견대학에 지원하는 전공과 본교 전공이 일치해야함 (복수전공, 부전공 가능)<br>- 지원제힌전공: Nursing', NULL, '외국어 성적 유효기간이 파견대학의 지원하는 시점까지 유효해야함', NULL, NULL, NULL),
    (25, 2, 4, 'IRRELEVANT', 'OVERSEAS_UNIVERSITY_PAYMENT', '- 파견대학에 지원하는 전공과 본교 전공이 일치해야함 (복수전공, 부전공 가능)<br>- 지원제힌전공: Nursing', NULL, '외국어 성적 유효기간이 파견대학의 지원하는 시점까지 유효해야함', NULL, NULL, '한 학기 등록금: 약 $9,312 (50% tuition scholarship 지급)'),
    (26, 2, 5, 'IRRELEVANT', 'OVERSEAS_UNIVERSITY_PAYMENT', '타전공 지원 및 수강 가능', NULL, ' - 토플 IBT(100), 토플 ITP(600), IELTS(7.0) DUOLINGO(125) 미만시 파견후 별도 영어시험 필수이며 결과에 따라 1-3개 어학 수업 수강하게 될 수 있음<br>- 어학성적은 파견대학 지원시까지 유효하여야 함', NULL, NULL, '등록금: Hoakipa Visiting Student 유형으로 in-state 150% 적용'),
    (27, 2, 5, 'IRRELEVANT', 'HOME_UNIVERSITY_PAYMENT', '- 타전공 지원 및 수강 가능', NULL, NULL, '※ 영어강의 제공하지 않음, 모든 강의 포르투갈어로 진행', '교내 기숙사 미제공, International Affairs와 버디프로그램을 통해 교외숙소 계약을 도와줄 예정', NULL),
    (28, 2, 5, 'IRRELEVANT', 'HOME_UNIVERSITY_PAYMENT', '- 타전공 지원 및 수강 가능<br>- 지원불가전공 : Medicine', NULL, NULL, '※ 대부분의 강의 포르투갈어로 진행, 주로 Business Field에 영어수업', NULL, '포르투갈어 어학 수업 수강 가능'),
    (29, 2, 2, 'ONE_SEMESTER', 'HOME_UNIVERSITY_PAYMENT', '- 아래 8개 Faculties 내에서만 수강 가능 : <br>Arts, Business Administration, Education, Engineering and Applied Science, Kinesiology, La Cite, Media/Art/Performance, Science<br>- 지원 불가 전공: Nursing, Social work', NULL, '영어 점수는 다음의 세부영역 점수를 각각 만족해야함<br>  - TOEFL iBT : 모든 영역에서 20점 이상<br>  - IELTS : 모든 영역에서 6.0 이상 ', NULL, NULL, NULL),
    (30, 2, 5, 'IRRELEVANT', 'OVERSEAS_UNIVERSITY_PAYMENT', '- 아래 8개 Faculties 내에서만 수강 가능 : <br>Arts, Business Administration, Education, Engineering and Applied Science, Kinesiology, La Cite, Media/Art/Performance, Science<br>- 지원 불가 전공: Nursing, Social work', NULL, '영어 점수는 다음의 세부영역 점수를 각각 만족해야함<br>  - TOEFL iBT : 모든 영역에서 20점 이상<br>  - IELTS : 모든 영역에서 6.0 이상 ', NULL, NULL, '국제학생 등록금 적용(지원 전공 및 학점에 따라 금액 상이)<br>- 관련 링크: https://www.uregina.ca/fs/students/fee-schedule.html '),
    (31, 2, 4, 'ONE_SEMESTER', 'HOME_UNIVERSITY_PAYMENT', '타전공 지원 및 수강 가능 <br>- 지원불가능전공: Medicine, Pharmacy, Social work, Nursing<br>- Computer Science, Music 지원 제한적', NULL, '영어 점수는 다음의 세부영역 점수를 각각 만족해야함<br>  - TOEFL iBT : 읽기/쓰기 20점, 듣기/말하기 17점 이상<br>  - IELTS : 모든 영역에서 6.0 이상<br> - 외국어 성적 유효기간이 파견대학의 학기 시작하는 날까지 유효해야함 ', NULL, NULL, NULL),
    (32, 2, 5, 'IRRELEVANT', 'OVERSEAS_UNIVERSITY_PAYMENT', '타전공 지원 및 수강 가능 <br>- 지원불가능전공: Medicine, Pharmacy, Social work, Nursing<br>- Computer Science, Music 지원 제한적', NULL, '영어 점수는 다음의 세부영역 점수를 각각 만족해야함<br>  - TOEFL iBT : 읽기/쓰기 20점, 듣기/말하기 17점 이상<br>  - IELTS : 모든 영역에서 6.0 이상<br> - 외국어 성적 유효기간이 파견대학의 학기 시작하는 날까지 유효해야함 ', NULL, NULL, '국제학생 등록금 적용 (학점당 $2,080)'),
    (33, 2, 4, 'ONE_SEMESTER', 'OVERSEAS_UNIVERSITY_PAYMENT', NULL, NULL, '※ 가장 기초 과정(IEP-G)의 최소 지원 요건이며 레벨과 지원과정에 따라 지원자격 상이하므로 fact sheet 참조 바람<br>- 학부과정 수강 가능한 IEBP-G 지원 시 다음의 세부영역 점수를 만족해야함<br> - IELTS : 쓰기 5.5 이상, 모든 영역에서 5.0 이상<br> - TOEFL : 쓰기 16점 이상<br>- 외국어 성적 유효기간이 파견학기 시작시까지 유효해야함', NULL, NULL, '선발 학생의 어학성적에 따라 레벨이 정해지며 비용 또한 상이. <br>- IEBP-G 레벨에 배정될 경우 학부 수업 1-2개 수강 가능하며 (선택 제한적) 학부수업에 대한 등록금은 면제 (국제처 홈페이지 내 대학 Fact Sheet 참조 바람)'),
    (34, 2, 3, 'ONE_SEMESTER', 'HOME_UNIVERSITY_PAYMENT', '파견대학에 지원하는 전공과 본교 전공이 일치해야함 (복수전공, 부전공 가능)<br>- 지원 유의 전공 : Fashion, Media and Communication, Design, Interior Design, Architecture Design<br>(참고 : https://www.rmit.edu.au/study-with-us/international-students/programs-for-international-students/study-abroad-and-exchange/student-exchange/how-to-search-for-your-courses)', NULL, '어학성적은 파견 학기 지원 마감일까지 유효 하여야함', NULL, NULL, NULL),
    (35, 2, 1, 'ONE_SEMESTER', 'HOME_UNIVERSITY_PAYMENT', '- 타전공 지원 및 수강 가능  <br>- 미술 계열, 간호학, 약학, 교육학 등 제한 있음<br>- 학과별 지원 자격요건이 있는 경우 모두 충족해야 하며, 사전 승인 필요', NULL, '영어 점수는 다음의 세부영역 점수를 각각 만족해야 함<br>  - IELTS: 각 영역 최소 5.5 이상<br>- 외국어 성적 유효기간이 파견대학의 지원 시점 기준까지 유효해야함 ', NULL, NULL, '서던퀸스랜드대학은 Trimester로 운영되므로 학사일정을 반드시 참고하길 바람'),
    (36, 2, 5, 'ONE_SEMESTER', 'OVERSEAS_UNIVERSITY_PAYMENT', '- 타전공 지원 및 수강 가능  <br>- 미술 계열, 간호학, 약학, 교육학 등 제한 있음<br>- 학과별 지원 자격요건이 있는 경우 모두 충족해야 하며, 사전 승인 필요', NULL, '영어 점수는 다음의 세부영역 점수를 각각 만족해야 함<br>  - IELTS: 각 영역 최소 5.5 이상<br>- 외국어 성적 유효기간이 파견대학의 지원시까지 유효해야함 ', NULL, NULL, '서던퀸스랜드대학은 Trimester로 운영되므로 학사일정을 반드시 참고하길 바람<br>- In-state 등록금 납부 <br>(등록금 관련 정보 : https://www.unisq.edu.au/international/partnerships/study-abroad-exchange/fees-scholarships)'),
    (37, 2, 5, 'IRRELEVANT', 'OVERSEAS_UNIVERSITY_PAYMENT', '타전공 지원 및 수강 가능<br>- MECO, CAEL, LAWS unit 수강 여석 제한 있음', NULL, '영어 점수는 다음의 세부영역 점수를 각각 만족해야함<br>   - IELTS: 모든 영역에서 6.0 이상<br>   - TOEFL IBT: 읽기/듣기/말하기 17점, 쓰기 19점 이상<br>- 어학성적은 파견학기 시작시까지 유효하여야함', NULL, NULL, 'OSHC(Overseas Student Health Cover) 국제학생 보험가입 의무 (2023년 기준 AUD 348/학기, 학기마다 비용 상이)'),
    (38, 2, 3, 'ONE_SEMESTER', 'HOME_UNIVERSITY_PAYMENT', '타전공 지원 및 수강 가능<br>지원 불가능 전공: Physiotherapy, Medicine, Nursing, Occupational Therapy ', NULL, '영어 점수는 다음의 세부영역 점수를 각각 만족해야함<br>   - IELTS: 모든 영역에서 6.0 이상<br>   - TOEFL IBT: 읽기 13점, 쓰기 21점, 듣기 13점, 말하기 18점 이상<br>- 어학성적은 파견학기 시작시까지 유효하여야함', NULL, NULL, '※ 24-1학기에 한하여 ''Destination Australia Cheung Kong Exchange Program Scholarship'' 지급 예정 (신청자 중 가장 총점이 우수한 학생 1명에게 AUD$6000 지급, 상세 내용은 국제처 홈페이지 해외대학정보 공지글 참고)'),
    (39, 2, 5, 'IRRELEVANT', 'OVERSEAS_UNIVERSITY_PAYMENT', '타전공 지원 및 수강 가능<br>지원 불가능 전공: Physiotherapy, Medicine, Nursing, Occupational Therapy ', NULL, '영어 점수는 다음의 세부영역 점수를 각각 만족해야함<br>   - IELTS: 모든 영역에서 6.0 이상<br>   - TOEFL IBT: 읽기 13점, 쓰기 21점, 듣기 13점, 말하기 19점 이상<br>- 어학성적은 파견학기 시작시까지 유효하여야함', NULL, NULL, '한 학기 등록금: 약 10,400 AUD (in state 적용)<br>※ 24-1학기에 한하여 ''Destination Australia Cheung Kong Exchange Program Scholarship'' 지급 예정 (신청자 중 가장 총점이 우수한 학생 1명에게 AUD$6000 지급, 상세 내용은 국제처 홈페이지 해외대학정보 공지글 참고)'),
    (40, 2, 4, 'IRRELEVANT', 'HOME_UNIVERSITY_PAYMENT', 'Faculty of Economics and Business로만 지원가능', NULL, '- 영어 점수는 다음의 세부영역 점수를 각각 만족해야 함<br>  - TOEFL IBT: 쓰기 19점 이상, 말하기 19점 이상<br>  - IELTS: 쓰기 5.5점 이상, 말하기 6점 이상', NULL, NULL, NULL),
    (41, 3, 4, 'ONE_SEMESTER', 'HOME_UNIVERSITY_PAYMENT', NULL, NULL, '- 영어 점수는 다음의 세부영역 점수를 각각 만족해야 함<br>  - TOEFL IBT: 쓰기 19점 이상, 말하기 19점 이상<br>  - IELTS: 쓰기 5.5점 이상, 말하기 6점 이상', NULL, '기숙사 여석 많지않음', NULL),
    (42, 2, 2, 'ONE_SEMESTER', 'HOME_UNIVERSITY_PAYMENT', 'https://fontys.edu/Short-term-programmes/Exchange-programmes/Exchange-programmes-per-faculty.htm', NULL, NULL, NULL, NULL, NULL),
    (43, 2, 2, 'IRRELEVANT', 'HOME_UNIVERSITY_PAYMENT', '- 경영학 수업만 개설됨<br>- 경영학에 대한 사전의 기초적인 과목을 이수하여야 함<br>- 한 학기 최대 30ECTS까지 수강 가능함', NULL, NULL, NULL, '- 외부숙소 제공<br>', NULL),
    (44, 4, 2, 'IRRELEVANT', 'HOME_UNIVERSITY_PAYMENT', '- 주전공과 지원전공이 반드시 일치할 필요는 없으나 본교에서 기초과목을 이수하여야 함<br>- 교환학생에게 제공되는 수업만 수강 가능<br>- Faculty of Engineering 내에서 2/3이상의 수업을 수강하여야 함<br>- 30 ECTS 수강', '- 어학성적표가 해당 대학 신청서 제출 시 유효하여야 함(~10월 1일)', NULL, NULL, '- 교외 숙소', NULL),
    (45, 2, 2, 'ONE_SEMESTER', 'HOME_UNIVERSITY_PAYMENT', '- 본교 기초과목 이수사항에 따라 지원이 제한될 수 있으나 소속전공과 정확하게 일치 하지 않아도 지원은 가능(연관 전공이어야 함)<br>- 최소 7.5 ECTS, 최대 30ECTS 수강 가능<br>- 교차 수강 가능(선수과목이 지정되어있는 과목은 사전에 이수하여야 수강이 가능함)', '- 어학성적표가 해당 대학 신청서 제출 시 유효하여야 함(~11월 1일)', NULL, NULL, '- 제공(학교 운영 기숙사 아님) <br>- 선착순 배정', NULL),
    (46, 2, 3, 'IRRELEVANT', 'HOME_UNIVERSITY_PAYMENT', '타전공 지원 및 수강 가능', NULL, '영어 점수는 다음의 세부영역 점수를 각각 만족해야 함<br>   - TOEFL IBT: 읽기 18점; 듣기 17점, 말하기 20점, 쓰기 17점<br>   - TOEIC: 읽기 385점, 듣기 400점, 말하기 160점, 쓰기 150점<br>외국어 성적 유효기간이 파견대학의 학기 시작하는 시점까지 유효해야 함', NULL, NULL, NULL),
    (47, 2, 3, 'IRRELEVANT', 'HOME_UNIVERSITY_PAYMENT', '- 파견대학에 지원하는 전공과 본교 전공이 일치해야함 (복수전공, 부전공 가능)<br>- 일반적으로 Business, Computer Sciences, Engineering, Tourism Field에서 영어강의를 교환학생에게 제공함 ', NULL, '독일어 공인성적으로 지원할 경우, B2 레벨에 준하는 성적을 보유하여야 함<br>- 어학성적은 파견 학기 지원 마감일까지 유효 하여야함', NULL, NULL, '교환 학생 프로그램에 독일 어학 수업 포함'),
    (48, 2, 3, 'IRRELEVANT', 'HOME_UNIVERSITY_PAYMENT', '타전공 지원 및 수강 가능<br>- Language 관련 강의 수강 제한적, Social Faculty의 경우 영어강의 제공하지 않음', NULL, '독일어 공인성적으로 지원할 경우, B2 레벨에 준하는 성적을 보유하여야 함<br>- TOEIC: 말하기 160점 이상, 쓰기 150점 이상<br>- IELTS: 모든 영역에서 5.5 이상<br>- 어학성적은 파견 학기 지원 마감일까지 유효 하여야함', NULL, NULL, '※ BW Scholarship RWU : Fall term 2023/24 (Sept – Feb) 기간동안 한 달에 €850 장학금 수령 (제출서류 및 기한 등 자세한 정보는 국제처 홈페이지 해외대학정보 공지글 참고)'),
    (49, 2, 9, 'ONE_SEMESTER', 'HOME_UNIVERSITY_PAYMENT', '타전공 지원 및 수강 가능', NULL, '독일어 공인성적으로 지원할 경우, B2 레벨에 준하는 성적을 보유하여야 함<br>- 경영학(독일어 강의) 수강요건: 독일어 B2 이상의 증빙필요', '각 단과대학별 상이하므로 국제처 홈페이지 해외대학정보 Fact sheet 및 홈페이지 참조 바람', NULL, NULL),
    (50, 2, 3, 'IRRELEVANT', 'HOME_UNIVERSITY_PAYMENT', '타전공 지원 및 수강 가능', NULL, '독일어 공인성적으로 지원할 경우, B2 레벨에 준하는 성적을 보유하여야 함<br>- 경영학(독일어 강의) 수강요건: 독일어 B2 이상의 증빙필요<br>- 외국어 성적 유효기간이 파견대학의 학기 시작하는 날까지 유효해야함', NULL, NULL, '보험 관련 정보: https://www.hwg-lu.de/international/exchange-students-from-partner-institutions/before-mobility/health-insurance'),
    (51, 2, 2, 'ONE_SEMESTER', 'HOME_UNIVERSITY_PAYMENT', '- 타전공 지원 및 수강 가능<br>- International Study Programme(ISP) 내 수업만 수강 가능', NULL, '영어 점수는 다음의 세부영역 점수를 각각 만족해야 함<br>   - TOEFL IBT: 읽기 13점, 쓰기 21점, 듣기 13점, 말하기 18점 이상<br>- 독일어 공인성적으로 지원할 경우, B2 레벨에 준하는 성적을 보유하여야 함<br>- 외국어 성적 유효기간이 파견대학의 학기 시작하는 날까지 유효해야함', NULL, '기숙사 여석 부족으로 기숙사 배정을 못 받을 가능성 있음', NULL),
    (52, 2, 3, 'ONE_SEMESTER', 'HOME_UNIVERSITY_PAYMENT', '타전공 지원 및 수강 가능<br>- 지원 불가능 전공: Pharmacy, Human Medicine and Veterinary Medicine<br>- Biochemistry, Bioinformatics and Biology, Law 지원 제한적 (학과 사전승인 필요)<br>- Business Administration, Economics 학과 수업 대부분이 독일어로 진행, 독일어 가능자 지원 권장', NULL, '- Department of Humanities, Social Science, Business Administration and Economics 수강요건: 독일어 공인성적 B2 레벨 이상의 증빙 필수, Department of Natural Science 수강요건: 독일어 공인성적 B1 레벨 이상 증빙 필수<br>- John F Kennedy Institute for North American Studies 수강요건: 영어 공인성적 C1 레벨 이상의 증빙 필수', '※ 주로 Departments of English and North American Studies에서 영어강의 제공, 이 외의 학과 영어수업 제한적', '- 기숙사 신청 제한적, 여석 부족으로 기숙사 배정을 못 받을 가능성 있음', '- 보험 관련 정보: http://www.fu-berlin.de/en/studium/international/studium_fu/einreise_aufenthalt/krankenversicherung'),
    (53, 4, 4, 'ONE_SEMESTER', 'HOME_UNIVERSITY_PAYMENT', '※ Faculty of Economics, Business Administration에 한하여 지원 가능<br>- 파견대학에 지원하는 전공과 본교 전공이 일치해야함(복수전공, 부전공 가능)', NULL, '- 독일어 공인성적으로 지원할 경우, B2 레벨에 준하는 성적을 보유하여야 함<br>- 어학성적 파견 대학 지원시까지 유효하여야함', NULL, NULL, '보험 관련 정보: https://international.fhws.de/en/fhws-international/ways-to-fhws/applicants-and-student-support/before-your-arrival-at-fhws/ '),
    (54, 2, 3, 'IRRELEVANT', 'HOME_UNIVERSITY_PAYMENT', '타전공 지원 및 수강 가능', NULL, NULL, NULL, '- 기숙사 신청 제한적', '- 보험 관련정보: https://signupbarmer.de/?utm_source=barmer_schmalkalden'),
    (55, 2, 3, 'ONE_SEMESTER', 'HOME_UNIVERSITY_PAYMENT', '- 타전공 지원 및 수강 가능<br>- 지원 불가 전공: International Project Management, Smart City Solution<br>- Civil Engineering, Surveying, Mathematic : 독일어 가능자 지원 권장, Architecture, Interior Architecture and General Management : 독일어 수업 수강 필수', NULL, '영어 점수는 다음의 세부영역 점수를 각각 만족해야 함<br>   - IELTS: 모든 영역에서 6.0 이상', NULL, '기숙사 신청 제한적', NULL),
    (56, 2, 2, 'IRRELEVANT', 'HOME_UNIVERSITY_PAYMENT', '- 타전공 지원 및 수강 가능<br>- 지원 불가 전공 : Health, Midwifery, Extra-occupational courses ', NULL, '어학성적 파견 대학 지원시까지 유효하여야함', NULL, NULL, NULL),
    (57, 2, 2, 'ONE_SEMESTER', 'HOME_UNIVERSITY_PAYMENT', '- 파견대학에 지원하는 전공과 본교 전공이 일치해야함<br>- Department of Architecture and Civil Engineering의 경우 영어강의 제공하지 않음', NULL, NULL, NULL, NULL, NULL),
    (58, 3, 4, 'ONE_SEMESTER', 'HOME_UNIVERSITY_PAYMENT', '타전공 지원 및 수강 가능', NULL, '- 독일어 공인성적으로 지원할 경우, B2 레벨에 준하는 성적을 보유하여야 함<br>- 영어스피킹 중급 이상 학생 지원 권장<br>- 어학성적 파견 대학 지원시까지 유효하여야함', NULL, NULL, '- 독일 어학 수업 수강 필수<br>- 독일어 어학성적으로 지원하는 경우에 한하여 2학기로도 지원 가능'),
    (59, 2, 3, 'ONE_SEMESTER', 'HOME_UNIVERSITY_PAYMENT', '- 파견대학에 지원하는 전공과 본교 전공이 일치해야함<br>- 지원 불가능 전공: Human medicine, dentistry, pharmacy, law and psychology. Practical sports', NULL, '어학성적 파견 대학 지원시까지 유효하여야함', NULL, NULL, NULL),
    (60, 4, 2, 'IRRELEVANT', 'HOME_UNIVERSITY_PAYMENT', '- 파견대학에 지원하는 전공과 본교 전공이 일치해야함<br>- 지원 불가 전공: Medicine', NULL, '- 독일어 공인성적으로 지원할 경우, B2 레벨에 준하는 성적을 보유하여야 함<br>- 어학성적 파견 대학 지원시까지 유효하여야함', NULL, NULL, NULL),
    (61, 2, 2, 'ONE_SEMESTER', 'HOME_UNIVERSITY_PAYMENT', '- 타전공 지원 및 수강 가능<br>- 지원 불가 전공: Medicine, Programmes offered by the Centre for Lifelong Learning', NULL, '영어 점수는 다음의 세부영역 점수를 각각 만족해야 함<br>   - TOEIC S/W : 말하기 120점 이상, 쓰기 120점 이상<br> - 독일어 공인성적으로 지원할 경우, B2 레벨에 준하는 성적을 보유하여야 함<br> - 외국어 성적 유효기간이 파견대학의 학기 시작하는 시점까지 유효해야 함', NULL, NULL, '보헙관련 정보: https://uol.de/en/exchange-studies/health-insurance'),
    (62, 2, 3, 'ONE_SEMESTER', 'HOME_UNIVERSITY_PAYMENT', '타전공 지원 및 수강 가능', NULL, '독일어 공인성적으로 지원할 경우, B2 레벨에 준하는 성적을 보유하여야 함<br>- 어학성적 파견 대학 지원시까지 유효하여야함', NULL, NULL, NULL),
    (63, 2, 2, 'IRRELEVANT', 'HOME_UNIVERSITY_PAYMENT', '타전공 지원 및 수강 가능<br>- 지원 제한 전공 : Psychology', NULL, NULL, NULL, NULL, NULL),
    (64, 2, 3, 'ONE_SEMESTER', 'HOME_UNIVERSITY_PAYMENT', '타전공 지원 및 수강 가능', NULL, '독일어 공인성적으로 지원할 경우, B2 레벨에 준하는 성적을 보유하여야 함', NULL, NULL, NULL),
    (65, 3, 2, 'ONE_SEMESTER', 'HOME_UNIVERSITY_PAYMENT', '※ Faculty of Business Administration, Global Finance and Banking, Economics에 한하여 지원 가능<br>- Campus Schwäbisch Hall, Campus Künzelsau 내 강의 수강 가능', NULL, NULL, NULL, NULL, NULL),
    (66, 2, 1, 'IRRELEVANT', 'HOME_UNIVERSITY_PAYMENT', '- 주전공과 지원전공이 반드시 일치할 필요는 없으나 본교에서 기초과목을 이수하여야 함<br>- 학기당 최소 30ECTS 수강필수<br>- 지원불가전공: Nursing/Dentitstry/Odontology 등<br>- 교차 수강 가능', NULL, NULL, NULL, '-  재공하나 보장되는 것은 아님<br>- 1인실 기준으로 4830~5387SEK/1달<br>', NULL),
    (67, 4, 3, 'IRRELEVANT', 'HOME_UNIVERSITY_PAYMENT', '- 소속전공과 지원전공이 반드시 일치할 필요는 없으나 일치하는 것을 권고함. 본교에서 기초과목을 이수하여야 함<br>- 학기당 최소 30ECTS 수강필수<br>- 교차 수강 가능(단, 선수과목이 지정되어있는 과목은 사전에 이수하여야 수강이 가능함)<br>- 지원불가 전공 : Fashion Designer, Textile Design', '- 어학성적표가 해당 대학 신청서 제출 시 유효하여야 함(~11월 1일)', '- 영어 점수는 다음의 세부영역 점수를 각각 만족해야 함<br>- TOEFL iBT: 쓰기 20점 이상<br>- IELTS: 모든 영역에서 5.5이상', NULL, '- 미제공, 외부숙소 지원<br>- 2500~6000 SEK/1달', '2024년 봄학기 : 15 January - 2 June 2024<br>- Orientation Days : 11-12 January 2024.'),
    (68, 3, 3, 'IRRELEVANT', 'HOME_UNIVERSITY_PAYMENT', '-주전공 혹은 제2전공(혹은 연계전공과) 지원 권장', '선발인원 중 차순위 합격자는 학기제한(1개 학기)이 있을 수 있음', '- 영어 점수는 다음의 세부영역 점수를 각각 만족해야 함. <br>TOEIC 말하기 160점 이상, 쓰기 150점 이상', NULL, NULL, NULL),
    (69, 3, 2, 'IRRELEVANT', 'HOME_UNIVERSITY_PAYMENT', '- School of Law로만지원가능(지원가능전공:international relations, law)<br>- 반드시 24ECTS 이상을 수강하여야 함', '지원 전 권역 담당자와 사전상담 요망', NULL, NULL, NULL, NULL),
    (70, 3, 3, 'IRRELEVANT', 'HOME_UNIVERSITY_PAYMENT', '- 영어과목이 제한적임. ', NULL, '영어과목이 다양하지 않으므로 신중한 지원 요망. 스페인어 공인어학성적(DELE 중급이상 성적)이 있을 시 추후 합격 후 담당자에게 제출하시길 권장드림(필수아님)', NULL, '기숙사 여석 많지않음', NULL),
    (71, 2, 3, 'ONE_SEMESTER', 'HOME_UNIVERSITY_PAYMENT', NULL, NULL, 'TOEIC의 경우 S/W 합산 320점 이상 추가로 필수 제출', NULL, NULL, NULL),
    (72, 4, 3, 'ONE_SEMESTER', 'HOME_UNIVERSITY_PAYMENT', '제한학과 많음. (Factsheet참조및Factsheet언급된 제한학과  외에도 학기마다 제한학과 발생가능성있음). 지원 전 권역 담당자랑 사전상담 요망. 학기당 30ECTS수강해야 LA승인남. 성적처리 늦은 편이라 8차 학기 수학자는 성적처리 늦은 거 감안하고 추가 이에 따른 불편함이 있음을 인지후 지원요망. ', '지원 전 권역 담당자와 사전상담 요망', '- 영어 점수는 다음의 세부영역 점수를 각각 만족해야 함<br>  - TOEFL iBT : 듣기 및 쓰기 18점, 읽기 18점, 말하기 20점, 쓰기 18점 이상<br>  - IELTS : 모든 영역에서 6.0이상', NULL, NULL, '영국 생활비 및 숙소비용 유럽권 지역 중 상대적으로 매우 높은편. 지원전 반드시 사전고려 요망'),
    (73, 3, 2, 'IRRELEVANT', 'HOME_UNIVERSITY_PAYMENT', '-주전공 혹은 제2전공(혹은 연계전공과) 유관학과여아 함', '선발인원 중 차순위 합격자는 학기제한(1개 학기)이 있을 수 있음', NULL, NULL, '학교인근 외부 숙소는 있지만, 외부업체운영숙소라 대학관할아님', NULL),
    (74, 2, 2, 'IRRELEVANT', 'HOME_UNIVERSITY_PAYMENT', '-주전공 혹은 제2전공(혹은 연계전공과) 유관학과여아 함', '선발인원 중 차순위 합격자는 학기제한(1개 학기)이 있을 수 있음', '- 영어 점수는 다음의 세부영역 점수를 각각 만족해야 함<br>  - TOEFL IBT: 읽기 18점 이상, 쓰기 17점 이상, 말하기 20점 이상, 듣기 17점 이상<br>  - IELTS: 쓰기 5.5점 이상, 말하기 6점 이상<br> ''- TOEIC의 경우 S/W 점수 합산 310점 이상 ', NULL, '자체기숙사는 없음. 교환학생이 많이 지원한 학기에는 예약이 어려울 수도 있음(선착순 경우많음). 더블룸 기준약 한달에 € 340 per month (기숙사 종류게 따라 가격 차이 유) 예산잡으면됨.', NULL),
    (75, 3, 2, 'ONE_SEMESTER', 'HOME_UNIVERSITY_PAYMENT', '- 지원가능전공: History, Philosophy, Art History, theology<br>(영어과목 수가 그리 많지는 않으므로, 사전 확인필요)<br>''- 학기당 최소 15ECTS 수강신청해야 함', '봄학기에는 영어과목이 극히 제한적으로 열린다고 함. 지원 전 권역 담당자와 사전상담 요망', NULL, NULL, '학교에서 몇가지 기숙사 옵션 합격시 연결예정.', NULL),
    (76, 3, 2, 'IRRELEVANT', 'HOME_UNIVERSITY_PAYMENT', '지원전공과 일치하지 않아도 지원가능하나 유사전공자만 지원가능하며, 본전공과 일치하지않으면 입학 및 수강에 불리할 수 있음<br>''-학기당 최소 15.ECTS 수강신청해야함', '선발인원 중 차순위 합격자는 학기제한(1개 학기)이 있을 수 있음', NULL, NULL, '기숙사없음', NULL),
    (77, 5, 2, 'ONE_SEMESTER', 'HOME_UNIVERSITY_PAYMENT', NULL, '지원 전 권역 담당자와 사전상담요망. 주로 학부보다 석사과정에 영어교과목이 개설된 편', NULL, NULL, NULL, '양교 교류협약에 따라, Bovisa 캠퍼스로만 지원가능'),
    (78, 3, 2, 'ONE_SEMESTER', 'HOME_UNIVERSITY_PAYMENT', '지원 전 권역 담당자와 사전상담 요망', '지원 전 권역 담당자와 사전상담 요망. 기존 파견자 없어서 후기 자료없음.', '- 영어 점수는 다음의 세부영역 점수를 각각 만족해야 함<br>  - TOEFL IBT: 쓰기 19점 이상, 말하기 19점 이상<br>  - IELTS: 쓰기 5.5점 이상, 말하기 6점 이상', NULL, NULL, NULL),
    (79, 3, 5, 'IRRELEVANT', 'HOME_UNIVERSITY_PAYMENT', NULL, NULL, NULL, NULL, NULL, NULL),
    (80, 3, 3, 'IRRELEVANT', 'HOME_UNIVERSITY_PAYMENT', '지원전공과 본인 전공이 일치하지 않아도 지원가능하나 수업따라가기가 어려울 수 있으므로 배경지식이 없다면 지원에 신중할것.. Faculty ofFine Arts/Music/Medicine은 교환학생 지원불가학부임.', '지원 전 권역 담당자와 사전상담 요망', NULL, NULL, NULL, NULL),
    (81, 2, 2, 'IRRELEVANT', 'HOME_UNIVERSITY_PAYMENT', '지원전공과 일치하지 않아도 지원가능하나 유사전공자만 지원가능하며, 본전공과 일치하지않으면 입학 및 수강에 불리할 수 있음<br>''-학기당 최소 15.ECTS 수강신청해야함', '선발인원 중 차순위 합격자는 학기제한(1개 학기)이 있을 수 있음', NULL, NULL, '기숙사 입사경쟁률 매우높음', NULL),
    (82, 2, 2, 'IRRELEVANT', 'HOME_UNIVERSITY_PAYMENT', '지원전공과 일치하지 않아도 지원가능하나 유사전공자만 지원가능하며, 본전공과 일치하지않으면 입학 및 수강에 불리할 수 있음<br>''-학기당 최소 15.ECTS 수강신청해야함', NULL, '- TOEIC R/C 최소 385점 이상  TOIEC L/C 최소 400점 이상', NULL, '기숙사 월260유로 정도임', NULL),
    (83, 3, 5, 'IRRELEVANT', 'HOME_UNIVERSITY_PAYMENT', '지원 전 권역 담당자와 사전상담 요망', NULL, NULL, NULL, '- 기숙사 없음.', NULL),
    (84, 2, 3, 'ONE_SEMESTER', 'HOME_UNIVERSITY_PAYMENT', '-주전공 혹은 제2전공(혹은 연계전공과) 유관학과여아 함', '선발인원 중 차순위 합격자는 학기제한(1개 학기)이 있을 수 있음', NULL, NULL, NULL, NULL),
    (85, 4, 2, 'ONE_SEMESTER', 'HOME_UNIVERSITY_PAYMENT', '- 지원전공이 본교 소속 전공 또는 제2전공과 일치하여야 함 : 경영학 과목만 개설됨<br>- 교차 수강 가능<br>- 최소 9, 최대 36ECTS 수강신청 가능', '- 어학성적표가 해당 대학 신청서 제출 시 유효하여야 함(~11월 15일)', NULL, NULL, '- 미제공', '- 2024년 봄학기 : 2024년 1월 ~ 4월'),
    (86, 4, 7, 'IRRELEVANT', 'HOME_UNIVERSITY_PAYMENT', '- 지원 가능 전공 : IT계열(컴퓨터공학)<br>- 교차 수강 불가<br>- 학기당 최소 15ECTS, 최대 30ECTS 수강', NULL, NULL, NULL, '- 미제공하나 교환학생들이 외부 숙소를 찾을 수 있도록 지원', NULL),
    (87, 2, 3, 'IRRELEVANT', 'HOME_UNIVERSITY_PAYMENT', '- 지원가능전공: Computer Science / Information technology(소속전공과 지원전공이 일치하여야 함)<br>- 교차수강 불가 <br>- 학기당 최소 10ECTS, 최대 30ECTS 수강', '- 어학성적표가 2024년 11월 1일까지 유효하여야 함', NULL, NULL, '- 미제공하나 교환학생들이 외부 숙소를 찾을 수 있도록 지원', NULL),
    (88, 6, 2, 'ONE_SEMESTER', 'HOME_UNIVERSITY_PAYMENT', '- 지원가능전공: 경영학 계열(소속전공과 지원전공 일치) : <br>- 교차 수강 가능<br>- 학기당 최소 15ECTS, 최대 34ECTS 수강', NULL, NULL, NULL, '- 미제공<br>- 숙소관련 문의 : gdesforges@omneseducation', NULL),
    (89, 2, 3, 'ONE_SEMESTER', 'HOME_UNIVERSITY_PAYMENT', '- 소속전공과 지원전공이 일치할 것을 권고함 : 경영학<br>- 15ECTS 수강', '- 어학성적표가 해당 대학 신청서 제출 시 유효하여야 함(~10월 30일)', NULL, NULL, '- 미제공', NULL),
    (90, 4, 3, 'IRRELEVANT', 'HOME_UNIVERSITY_PAYMENT', '- 소속전공과 지원전공이 일치 또는 유사하여야 함 : 전공이 제한적이므로 반드시 홈페이지에서 지원 가능 전공을 확인할 것<br>- 최대 30ECTS 수강', '- 어학성적표가 해당 대학 신청서 제출 시 유효하여야 함(~11월 15일)', NULL, NULL, '- 미제공', NULL),
    (91, 4, 3, 'IRRELEVANT', 'HOME_UNIVERSITY_PAYMENT', '- 소속전공과 지원전공이 일치하여야 함<br>- 교차수강 가능<br>- 최소 15ECT, 최대 33ECTS까지 수강', '- 어학성적표가 해당 대학 개강일까지 유효해야 함', NULL, NULL, '- 미제공<br>- 외부숙소 배정에 대해 지원', NULL),
    (92, 2, 2, 'ONE_SEMESTER', 'HOME_UNIVERSITY_PAYMENT', '- 지원가능전공: 경영학계열<br>- 학기당 최소 15ECTS, 최소 30~35ETS 수강해야 함<br>(Program에 따라 상이함)', '- 어학성적표가 해당 대학 신청서 제출 시 유효하여야 함(~10월 15일)', NULL, NULL, '- 미제공', NULL),
    (93, 2, 3, 'ONE_SEMESTER', 'HOME_UNIVERSITY_PAYMENT', '- 지원가능전공 : 경영학계열(소속대학에서 경영학 관련 기초 과목을 이수하여야 함)<br>- 학기당 최소 20ECTS, 최대 30ECTS 수강', NULL, NULL, NULL, '- 교외 숙소 제공<br>- 한달에 250~600€', NULL),
    (94, 6, 2, 'ONE_SEMESTER', 'HOME_UNIVERSITY_PAYMENT', '- 소속 전공과 지원전공이 일치해야 함<br>- 교차수강 가능<br>- 최소 15ECTS, 최대 30ECTS 수강신청 가능', NULL, NULL, NULL, '- 미제공<br>- 숙소관련 문의 : gdesforges@omneseducation', NULL),
    (95, '60ECTS 이상 이수해야 함', 2, 'ONE_SEMESTER', 'HOME_UNIVERSITY_PAYMENT', '- 개설전공 : 경영경상계열, 물류(소속전공과 지원전공이 일치할 것을 권고)<br>- 전공간 교차수강 불가<br>- 최소 수강학점 : 15ECTS', '- 어학성적표가 해당 대학 신청서 제출 시 유효해야 함(~10월 31일)<br>- 최저 성적요건은 프로그램에 따라 상이함(별도 문의할 것)<br>- 최저이수학기 : 2개 학기 이상 이수하고, 60ECTS 이상 취득하여야 함(세부 문의는 국제교류팀으로 연락)', '*  수강 과정에 따라 영어 성적이 상의하니 유의할 것<br>- UNDERGRADUATE: IBT 72/ TOEIC 750/ IELTS 5.5 <br>- GRADUATE:  IBT 83/ TOEIC 790/ IELTS 6.0', NULL, '- 미제공', NULL),
    (96, 2, 3, 'ONE_SEMESTER', 'HOME_UNIVERSITY_PAYMENT', '- 소속전공과 지원전공이 반드시 일치할 필요는 없으나 기초과목을 이수해야 함<br>- 최대 30ECTS 수강', NULL, NULL, NULL, '- 미제공', '2024 봄학기 : January - April/May <br>(depending on the program of study)'),
    (97, '120ECTS 이상 이수해야 함 (비고란 참조)', 2, 'ONE_SEMESTER', 'HOME_UNIVERSITY_PAYMENT', '- 지원가능전공: 경영학계열(소속전공과 지원전공이 일치 또는 유사하여야 함, 기초과목을 이수해야 함)<br>- 교차수강 불가<br>- 최소 15에서 최대 34ECTS<br>(프로그램에 따라 학기당 수강 가능 ECTS가 상이함)', '-어학성적표가 해당 대학 신청서 제출 시 유효하여야 함(~10월 20일)<br>- 최저이수학기 : 120ECTS 이상 취득하여야 함(세부 문의는 국제교류팀으로 연락)', NULL, NULL, '- 미제공<br>- 숙소 예약에 대한 가이드 제공', NULL),
    (98, 2, 3, 'IRRELEVANT', 'HOME_UNIVERSITY_PAYMENT', '- 교차수강 가능<br>- 학기당 최소 15 ECTS 수강', NULL, NULL, '추후 이메일로 안내 예정', '- 기숙사제공(CROUS)', NULL),
    (99, 2, 5, 'ONE_SEMESTER', 'HOME_UNIVERSITY_PAYMENT', '- 주전공과 지원전공이 일치하여야 함<br>- 최대 두 개의  establishment에서 수강 가능<br>- 지원불가능전공: Medicine, Midwifery, Nursing, Physiotherapy, Chiropody, Law, Digital animations and Video gamrs / 2nd year of Master<br>- 최소 20ECTS 수강', NULL, NULL, NULL, '- 기숙사 제공(선착순)', NULL),
    (100, 2, 2, 'ONE_SEMESTER', 'HOME_UNIVERSITY_PAYMENT', '- 경영대학과 릴 카톨릭대학 ESTICE와의 별도 협약에 따라 경영대학 소속 학생에 한하여 선발함<br>- 주전공과 지원전공이 일치할 것을 권고함(필수는 아님)<br>- ESTIC에서 개설된 교과목만 수강 가능<br>- 최소 12~최대 32ECTS 수강', '어학성적이 2024년 1월까지 유효해야 함', NULL, NULL, '- 미제공', NULL),
    (101, 3, 2, 'ONE_SEMESTER', 'HOME_UNIVERSITY_PAYMENT', '- 소속대전공과 지원전공이 일치할 필요 없음<br>- 교차수강 불가하며 교확학생에게 오픈된 교과목만 수강 가능', NULL, NULL, NULL, '- 제공(선착순)<br>- 1200EUR/1학기', NULL),
    (102, 2, 2, 'ONE_SEMESTER', 'HOME_UNIVERSITY_PAYMENT', '- 지원가능전공: 건축학부 재학생에 함함', NULL, '- 프랑스어 성적 제출이 필수는 아니나 대부분의 과목이 프랑스어로 진행되므로 프랑스어를 사전에 공부할 것을 권고함', NULL, '- 미제공<br>', NULL),
    (103, 4, 3, 'ONE_SEMESTER', 'HOME_UNIVERSITY_PAYMENT', '- 서로 다른 프로그램, 언어, 학과 교차 수강 불가능<br>- 제한 전공 : https://international.bsb-education.com/course-catalogues/?lang=en', '- 어학성적표가 11월 30일까지 유효하여야 함<br>- 최저이수학기 관련 : "How to choose my courses" : https://international.bsb-education.com/course-catalogues/?lang=en 참조', NULL, NULL, '- 학교 직영 기숙사는 없으나 CROUS, STUDAPART과 제휴한 숙소 제공(선착순)', NULL),
    (104, 3, 3, 'ONE_SEMESTER', 'HOME_UNIVERSITY_PAYMENT', '- 경영학계열, 소속 전공과 지원전공이 반드시 일치할 필요는 없으나 관련 기초과목을 이수하여야 함<br>- 학기당 15~30ECTS 수강', NULL, NULL, NULL, '- 미제공', '- https://international.audencia.com/student-life/before-you-arrive'),
    (105, 3, 3, 'IRRELEVANT', 'HOME_UNIVERSITY_PAYMENT', '- 소속대 전공과 지원전공이 일치할 필요는 없으나 관련 기초과목을 이수하여야 함<br>- 1년간 최소 8학점(프랑스어 5학점, 프랑스문화 3학점) 이상 이수<br>- 교차수강 가능(2nd year of master law, LL.M제외)', NULL, '- 영어점수는 아래 각 세부점수를 만족해야 함<br>  - TOEFL IBT: 모든 영역 20점 이상 <br>   - IELTS: 모든 영역에서 6 이상 <br>  - TOEIC: 말하기, 쓰기, 듣기, 읽기 영역 합산 1020점 이상 ', NULL, '- 외부숙소제공', NULL),
    (106, 2, 2, 'IRRELEVANT', 'HOME_UNIVERSITY_PAYMENT', '- 지원가능전공: 경영경상계열(소속대학 전공이 관련 학과여야 함)<br>- 하나의 프로그램 내에서 수강 가능<br>- 최소 24ECTS 수강', '- 어학성적표가 해당 대학 신청서 제출 시 유효하여야 함(~10월 26일)<br>* 최저이수학기<br>- Bachelor Year 2과정 : 최소 2개 학기 이상 이수<br>- Bachelor Year 3과정 : 최소 4개 학기 이상 이수', NULL, NULL, NULL, NULL),
    (107, 2, 1, 'ONE_SEMESTER', 'HOME_UNIVERSITY_PAYMENT', '- 소속대 전공과 지원전공이 반드시 일치할 필요는 없으나 관련 기초과목을 이수하여야 함', '- 어학성적표가 해당 대학 신청서 제출 시 유효하여야 함(~11월 1일)', NULL, NULL, '- 미제공', NULL),
    (108, 2, 2, 'IRRELEVANT', 'HOME_UNIVERSITY_PAYMENT', '- 소속 전공과 지원 전공이 일치하여야 함<br>- 교차 수강 가능<br>- 최대 학기당 30ECTS 수강 가능', NULL, NULL, NULL, '- 제공(단, 제한적이며 선착순 배정)<br>- 1600EUR/학기당', NULL),
    (109, 2, 3, 'ONE_SEMESTER', 'HOME_UNIVERSITY_PAYMENT', '- 소속 전공과 지원전공이 일치해야 함 : 경영학, 경영정보공학으로 지원 가능 <br>- 기초지식이 있는 경우에 한하여 교차수강 가능함(Design 및 Fine arts는 전공 학생만 수강 가능)<br>- 학기당 30 ECTS 수강 권장', NULL, NULL, NULL, '- 미제공', '- 기존 "라티대학"이 "LAB대학"으로 교명 변경'),
    (110, 4, 3, 'ONE_SEMESTER', 'HOME_UNIVERSITY_PAYMENT', '- 소속전공과 지원전공이 일치해야 함<br>- 최소 수강 학점 20ECTS, 30ECTS 수강 권장', '- 어학성적표가 해당 대학 개강일까지 유효해야 함', NULL, NULL, '- 미제공<br>- 교환학생의 경우 LOAS(www.loas.fi)를 통해 숙소를 신청함<br>- 290~420EUR/1달', '<br>'),
    (111, 3, 2, 'ONE_SEMESTER', 'HOME_UNIVERSITY_PAYMENT', '- 지원가능전공: Faculty of Engineering and Business 내 전공 지원 가능(우리대학의 경우 공과대학, 경영대학, 소프트융합대학 소속 학생만 신청 가능)<br>- 소속대 전공과 지원전공이 일치해야 함<br>- 학기당 최대 30ECTS 수강신청 가능', NULL, NULL, NULL, '- 미제공<br>- 한달에 280~370€', NULL),
    (112, 2, 2, 'ONE_YEAR', 'HOME_UNIVERSITY_PAYMENT', '- 소속전공과 지원전공이 일치 또는 유사하여야 함<br>- 교차 수강 가능<br>- 한 학기 30ECTS를 수강 권고', NULL, NULL, NULL, '- 미제공', NULL),
    (113, 2, 2, 'IRRELEVANT', 'HOME_UNIVERSITY_PAYMENT', '- 소속전공과 지원전공이 반드시 일치할 필요는 없음<br>- 교차 수강 가능', NULL, '-TOEFL IBT minimum Scores :<br> Reading 18, Writing 23, Listing 18, Speaking 19<br>- 영어성적은 교환학생을 하는 내내 유효한 성적표여야 함', NULL, '- 기숙사 보유(한학기에 250BND)', '- COVID 관련 안내 사이트 https://www.pmo.gov.bn/TAPressRelease/[FINAL]%20PR%20JKPC%2012023%20-%20Pengemaskinian%20Sukat-Sukat%20Pengawalan%20COVID-19.pdf<br>-수업방식: 온라인, 오프라인 혼합'),
    (114, 2, 5, 'IRRELEVANT', 'HOME_UNIVERSITY_PAYMENT', '- 소속전공과 지원전공이 반드시 일치할 필요는 없음<br>- 교차 수강 가능', NULL, '- 유효한 영어공인인증시험점수는 2021년 9월 26일 이후 응시한 시험점수에 한함<br>- 어학점수 미보유 시 어학요건 기준에 준하는 어학실력을 보유하고 있다는 내용을 담은 지도교수 추천서를 제출하여 어학점수 갈음 가능', NULL, '기숙사 없음', NULL),
    (115, 2, 2, 'ONE_SEMESTER', 'HOME_UNIVERSITY_PAYMENT', '- 소속전공과 지원전공이 반드시 일치할 필요는 없음<br>- 교차 수강 가능<br>-지원불가 전공: Master of Science in Computer Science & Data Analytics and Master of Science in Electrical & Power Engineering', NULL, '- 유효한 영어공인인증시험점수는 2021년 11월 1일 이후 응시한 시험점수에 한함', NULL, '- 기숙사 보유 (한학기700-950 USD)<br>', '- COVID 관련 안내 사이트 <br>https://koronavirusinfo.az/az'),
    (116, 2, 2, 'ONE_SEMESTER', 'HOME_UNIVERSITY_PAYMENT', '- 캠퍼스별 수강 가능 전공 다 다름 (매학기 변동 가능)<br>- 아래 캠퍼스 별 수강 가능 전공 참조<br>-BINUS International Senayan Campus: Fashion, Business, Computer Science, Accounting, Graphic Design and New Media, Communication, Business Information System, <br><br>-BINUS Kemanggisan: Hotel Management, Tourism, Computer Science, Accounting, Civil & Industrial Engineering, Management, Marketing communication, Business Law, English Literature, Architecture<br><br>-BINUS Alam Sutera: International Business Management, Computer Science, International Relations, Food Technology<br><br>-BINUS Bekasi: Bar & Hotel Management', NULL, 'IELTS overall band score of 6<br>- 유효한 영어공인인증시험점수는 2022년 3월 1일 이후 응시한 시험점수에 한함', NULL, '-  기숙사 보유 (교환학생들은 도착 후 Limited Stary Permit이 나오는 한달동안 반드시 기숙사에서 거주해야함)<br>- 2인실 한달에 USD240, 1인실 한달에 USD280<br>-https://binus.ac.id/binussquare/', NULL),
    (117, 2, 2, 'IRRELEVANT', 'HOME_UNIVERSITY_PAYMENT', 'https://kuglobal.w3.kanazawa-u.ac.jp/wp/wp-content/uploads/KUEP2022-20231.pdf', 'College of Science and Engineering or College of Medical, Pharmaceutial and Health Sciences의 경우 3학년 이상만 신청 가능', NULL, NULL, NULL, NULL),
    (118, 2, 1, 'IRRELEVANT', 'HOME_UNIVERSITY_PAYMENT', '지원불가 : Professional School of Law', NULL, 'Faculty of International social Sciences에 한해 영어점수 필요(TOEF L IBT 80, IELTS 6.0)<br>''-2년 이상의 일본어 공부 이력도 신청 가능', NULL, '- WAKEIJUKU https://www.wakei.org/english/<br>- KITAZONO WOMEN''S STUDENT https://www.kitazono-j.co.jp/<br>- CAMPUS VILLAGE KOTAKEMUKAIHARA https://749.jp/cd/2455/ <br>- CAMPUS VILLAGE AKATSUKASHINMACHI https://749.jp/cd/2442/', NULL),
    (119, 2, 2, 'ONE_SEMESTER', 'HOME_UNIVERSITY_PAYMENT', '- 학부생만 지원 가능<br>- Higashiosaka campus만 지원 가능(약학과 지원불가)<br>- 영어과정은 International Studies 또는 Business 계열만 가능', NULL, NULL, NULL, '기숙사 없음, 학교밖 숙소는 약 270,000엔/학기', NULL),
    (120, 2, 9, 'IRRELEVANT', 'HOME_UNIVERSITY_PAYMENT', NULL, '2.30 points *NU 환산표 참조 :  https://www.niigata-u.ac.jp/en/wp-content/uploads/2020/12/method.pdf', '교환학생 입학 기준은 별도로 없으나, 영어 일본어 교과목 수강을 위해서는 기본 언어능력 필요(일본어의 경우 N2)', NULL, NULL, NULL),
    (121, 2, 3, 'IRRELEVANT', 'HOME_UNIVERSITY_PAYMENT', '-Hakusan Campus에서만 수강 가능, <br>''-교환학생을 위한 교과목만 수강 가능 https://www.toyo.ac.jp/en/international-exchange/prospective/Exchange-Program/#acl ', '*해당 학교 일정 상 10월초까지 서류제출 필요', 'TOEIC:TOEIC L&R+(TOEIC S&W*2.5)<br>정규교과목 수강은 N2이상 ', NULL, NULL, NULL),
    (122, 4, 3, NULL, 'HOME_UNIVERSITY_PAYMENT', 'Hakusan Campus에서만 수강 가능', '*해당 학교 일정 상 10월초까지 서류제출 필요<br>3+1 프로그램 신청자 대상으로 하는 별도 장학금 수혜 가능', NULL, NULL, NULL, '- [3+1 프로그램]만 지원 가능 (현지 취업을 위한 맞춤형 프로그램, 파견차수 학기 유의할 것)<br>- 3+1 프로그램은 6차, 7차 학기를 일본대학에서 수학하면서 현지에서 직장을 구한 후 인하대에서 마지막 8차 학기 이수하고 일본으로 돌아가 직장생활을 하는 프로그램임'),
    (123, 2, 3, 'IRRELEVANT', 'HOME_UNIVERSITY_PAYMENT', NULL, NULL, NULL, NULL, '- 기숙사 미보유, 교환학생을 위한 외부 숙소 보장<br>- 280,000엔~330,000엔/학기 (2023년 기준)', NULL),
    (124, 2, 3, 'IRRELEVANT', 'HOME_UNIVERSITY_PAYMENT', 'https://www.meiji.ac.jp/cip/english/admissions/co7mm90000000461-att/co7mm900000004d1.pdf', '*해당 학교 일정 상 10월초까지 서류제출 필요', '학부별로 기준 상이, 관련페이지 참조', NULL, NULL, NULL),
    (125, 2, 1, 'IRRELEVANT', NULL, '교환학생 지원가능 : Department of Global English, Department of Japanese culture, Department of Media and Information, Department of Psychology.', '여학생만 신청가능', NULL, NULL, '기숙사 없음, 계약된 외부 기숙사 사용-“Maison de Claire Ibaraki” 62,300엔/월, 2식 포함, 계약시 66,000엔 청구 (2023년 6월기준)', NULL),
    (126, 2, 3, 'ONE_YEAR', 'HOME_UNIVERSITY_PAYMENT', NULL, NULL, NULL, NULL, '기숙사 보유, off campus, 식사 미제공, 45,000~50,000엔/월', NULL),
    (127, 2, 10, 'IRRELEVANT', 'HOME_UNIVERSITY_PAYMENT', 'http://www.isc.yamaguchi-u.ac.jp/inbound/FGSS_course_list/pdf', '- 전공별 TO에 따라 선발 (최대인원을 넘지 않도록)<br>- Faculty of Global and Science Studies : 최대 5명 <br>- Faculty of Economics: 최대 8명<br>- Faculty of Engineering: 최대 3명<br>- Faculty of Humanities: 최대 2명<br>- Others: 최대 2명', 'Graduate School of  Ecomnomics 토플 79 이상 토익 730이상 필요', NULL, '교환학생은 off-campus dormitory 거주의무', NULL),
    (128, 2, 3, 'ONE_SEMESTER', 'HOME_UNIVERSITY_PAYMENT', NULL, '*해당 학교 일정 상 10월초까지 서류제출 필요', NULL, NULL, NULL, '-봄학기는 한 개 학기만 교환학생 파견 가능<br>-교환학생 용 "International Exchange Program" 제공 (일본어 능력이 높은 학생에게만 오후에 제공되는 일반 과정 수강 가능)'),
    (129, 2, 3, 'IRRELEVANT', 'HOME_UNIVERSITY_PAYMENT', NULL, '여학생만 신청가능', NULL, NULL, '36,500엔/월, 식비별도', NULL),
    (130, 2, 1, 'ONE_SEMESTER', 'HOME_UNIVERSITY_PAYMENT', ' Please refer to　"Requirements and Course Lists"    for further information. https://www.waseda.jp/inst/cie/en/exchange/application    ', NULL, '학부별로 기준 상이, 관련페이지 참조', NULL, NULL, NULL),
    (131, 2, 1, 'IRRELEVANT', 'HOME_UNIVERSITY_PAYMENT', '지원불가 : Professional Graduate Program (Law School, Business School)', NULL, 'Commerce / Science & Engineering/ Global Informatics', NULL, 'Seiseki-Sakuragaoka dormitory (off-campus)는 꽤 경쟁이 치열함. On-campus와 Off-campus 모두 약 1,800-1,900 EUR/학기', NULL),
    (132, 2, 2, 'ONE_YEAR', 'HOME_UNIVERSITY_PAYMENT', '경제학, 국제통상학과만 지원 가능', '*해당 학교 일정 상 10월초까지 서류제출 필요', NULL, NULL, NULL, NULL),
    (133, 2, 1, 'ONE_SEMESTER', 'HOME_UNIVERSITY_PAYMENT', '- 소속전공과 지원전공이 일치할 것을 권장함<br>', NULL, '- 유효한 영어공인인증시험점수는 2021년 10월 16일 이후 응시한 시험점수에 한함', NULL, '- 기숙사 보유 (한달에 550 TL ~ 2000 TL)<br>', '- 오프라인 수업으로 예상하나 온라인 수업 등으로 변동 가능성 있음<br>- COVID 관련 안내 사이트 <br>https://covid19.saglik.gov.tr/'),
    (134, 2, 1, 'ONE_SEMESTER', 'HOME_UNIVERSITY_PAYMENT', '-소속전공과 지원전공이 일치할것<br>-학부 학생이 석사용 수업 수강할 수 없음', NULL, '*TOEFL IBT minimum Scores :<br> Reading 20, Writing 20, Listing 20, Speaking 20<br>유효한 영어공인인증시험점수는 2021년 12월 1일 이후 응시한 시험점수에 한함<br>https://www.ozyegin.edu.tr/en/student-services/application-admission/language-proficiency-requirement', NULL, '-기숙사 보유하나 입사 보장은 불가', '-COVID 관련 안내 사이트 <br>https://www.ozyegin.edu.tr/en/covid-19'),
    (135, 2, 3, 'ONE_SEMESTER', 'HOME_UNIVERSITY_PAYMENT', '- 소속전공과 지원전공이 반드시 일치할 필요는 없음<br>- 교차 수강 가능', NULL, 'IELTS overall band score of 6 with no band lower than 5.5', NULL, '- 기숙사 2인실(매달 263-302 USD)', '-COVID 관련 안내 사이트 <br>https://www.coronavirus.gov.hk/eng/index.html'),
    (136, 2, 2, 'ONE_SEMESTER', 'HOME_UNIVERSITY_PAYMENT', '-소속전공과 지원전공이 일치할것<br>- College of Science(Chemistry/ Mathematics / Physics) 이 학과로 홍콩시립대에서 수강 시 위 학과에서 9학점 이상 이수 필수 수강을 해야함<br>-지원제한 전공: Biomedical science<br>-몇몇 수강인원이 제한된 학과는 교환학생을 받지 않음 주의<br>-선행 과목 수강이 필수인 학과의 경우 수강 이력이 없을 시 수강 불가', NULL, 'ielts overall band 6.5<br>-유효한 영어공인인증시험점수는 2021년 10월 2일 이후 응시한 시험점수에 한함', NULL, '- 기숙사가 있으나 기숙사 배정이 상당히 어려움<br>- 대략적 비용: 학기당 HKD$ 10,850 ~ HKD$ 21,700', '- COVID 관련 안내 사이트 https://www.cityu.edu.hk/fmo/default.aspx?PageID=covid19infoctr'),
    (137, 2, 1, 'ONE_SEMESTER', 'HOME_UNIVERSITY_PAYMENT', '- 소속전공과 지원전공이 일치하여야 함<br>- 수강 제한 전공: IMBA, EMBA, IMAS', NULL, ' - 본교 중국어 어학시험에 응시하여야 함<br>- 영어성적표 지원일로부터 2년간 유효한 성적표여야 함', NULL, '- 기숙사 보유 <br>- 대략적 비용: 한학기에 NTD$11,000~ 33,500', NULL),
    (138, 2, 1, 'ONE_SEMESTER', 'HOME_UNIVERSITY_PAYMENT', '-소속전공과 지원전공이 일치할것<br>-중국어 실력이 유창하지 않으면 영어로 강의되는 수업만 수강 가능함<br>- 영어성적표 지원일로부터 2년간 유효한 성적표여야 함', NULL, ' - 본교 중국어 어학시험에 응시하여야 함', NULL, '- 기숙사 보유 (한학기235 USD-535 USD)', '-COVID 관련 안내 사이트 <br>https://www.cdc.gov.tw/En'),
    (139, 4, 1, 'ONE_SEMESTER', 'HOME_UNIVERSITY_PAYMENT', '- 소속전공과 지원전공이 일치하여야 함<br>- 지원가능 전공 확인 : https://www.ncu.edu.tw/en/pages/index.php?num=2<br>- 교환학생용으로 제공되는 영어강의는 본래 대학원생용이라 학부 3학년 또는 4학년 학생이 국립중앙대로의 교환학생에 지원할 수 있음', NULL, ' - 본교 중국어 어학시험에 응시하여야 함<br>- 영어성적은 지원일로부터 2년간 유효한 성적표여야 함', NULL, '기숙사 없음', '-COVID 관련 안내 사이트 <br>https://www.cdc.gov.tw/En'),
    (140, 2, 2, 'IRRELEVANT', 'HOME_UNIVERSITY_PAYMENT', '- 소속전공과 지원전공이 반드시 일치할 필요는 없음<br>- 교차 수강 가능<br>- 영어성적표 지원일로부터 2년간 유효한 성적표여야 함', NULL, ' - 본교 중국어 어학시험에 응시하여야 함', NULL, '- 기숙사 보유<br>- 한 학기에 약 500-800$<br>', '-COVID 관련 안내: 병원과 관련된 시설에서는 반드시 마스크 착용 해야함'),
    (141, 2, 3, 'ONE_SEMESTER', 'HOME_UNIVERSITY_PAYMENT', '- 소속전공과 지원전공이 반드시 일치할 필요는 없음<br>- 교차 수강 가능<br>- 주로 인하대 학생들은 중국어 어학과정을 수강함<br>- 최소 수강학점은 없으며, 주로 3~6과목 (2~4학점/1과목)을 수강함<br>', NULL, '- 본교 중국어 어학시험에 응시하여야 함<br>- 중국어 연수 프로그램 : 영어,중국어 성적이 없어도 지원 가능<br>- 학위과정수업(영어) : IBT 59 이상', 'English taught courses are generally determined by the schools at the end of the previous semester. We are not sure about it until then. ', '- 학교에 기숙사가 있으나 입사 보장은 불가<br>International Students Building (only for foreign students): Single room with bedding packs, air-conditioner and bathroom,500RMB    <br>Local Student Dormitory: 4-6 person room without bedding packs, 600-1000RMB ', NULL),
    (142, 2, 2, 'ONE_SEMESTER', 'HOME_UNIVERSITY_PAYMENT', '- 소속전공과 지원전공이 반드시 일치할 필요는 없음<br>- 지원제한 전공 : Medical Science', NULL, ' - 본교 중국어 어학시험에 응시하여야 함<br>* 중국어 과정<br>1) 중국어학연수과정 : 어학성적 필요 없음<br>2) Diplomacy (School of International and Public Affairs) : 유효한 HSK  5급 180점 이상, TOEFL 550(PBT), 213(CBT), 79(IBT) 또는  IELTS 6.0.이상을 보유하여야 함(HSK및영어 동시만족)<br>3) 중국어 과정(석사)：HSK 5급 180점 이상<br>4) 기타 중국어 과정 : HSK 4급 180점 이상 <br>* 영어 과정 : 길림대 내 영어테스트가 있을 예정임<br>- 영어과정을 들을 경우, 영어성적표을 제출하여야 하며 지원일로부터 2년간 유효한 성적표여야 함', NULL, '- 기숙사 보유 (6개월 이상 거주 시 신청 가능)<br>- 대략적 비용: 한달에 1500RMB ', NULL),
    (143, 2, 2, 'IRRELEVANT', 'HOME_UNIVERSITY_PAYMENT', '- 소속전공과 지원전공이 일치하여야함(교차수강 불가능)<br>- 대부분의 교환학생들은 중국어 어학 수업을 수강함', NULL, ' - 본교 중국어 어학시험에 응시하여야 함<br>- 중국어로 된 전공 강의를 수강하기 희망할 경우, 최소 HSK 5급 180점 이상의 점수를 보유하여야 함<br>-중국어학연수과정 : 어학성적 필요 없음', '- 영어수업을 제공할지 결정되지 않았음', '- 기숙사 보유 (한학기 5000RMB-6000RMB: 겨울방학 및 여름방학 제외)<br>', NULL),
    (144, 2, 2, 'ONE_SEMESTER', 'HOME_UNIVERSITY_PAYMENT', '소속전공과 지원전공이 반드시 일치할 필요는 없으나 학과에 상관없이 교차 수강은 불가능<br>-교환학생 대상으로 별도 제공된 수강 가능 교과목안에서만 수강 가능  ', NULL, '- 유효한 영어공인인증시험점수는 2021년 11월 16일 이후 응시한 시험점수에 한함<br>- 본교 중국어 어학시험에 응시하여야 함', NULL, '- 기숙사 보유(한 학기 약 7800yuan)', NULL),
    (145, 2, 2, 'IRRELEVANT', 'HOME_UNIVERSITY_PAYMENT', ' 소속전공과 지원전공이 일치해야 함. 단, 중국어 어학과정 학생의 경우 전공 무관<br>- 최소 학점은 없으며, 최대 24학점 수강 가능<br>- 체육교육과 전공은 제공하지 않음<br>- 지원 가능 전공 https://ipo.wh.sdu.edu.cn/kristudy/info/1021/1752.htm', NULL, ' - 본교 중국어 어학시험에 응시하여야 함<br> - 중국어 수업을 들을 학생은 HSK4급 보유를 권장함<br>- 영어 수업을 들을 학생은 TOEFL IBT 80점,  IELTS 6등급 보유를 권장함<br>- 학점 4.0 만점에 2.3, 100점 만점에 70이상인 학생만 지원 가능', NULL, '- 기숙사 보유 (한학기 4,000~5,000 RMB, 금액은 변동가능성있음)', NULL),
    (146, 2, 2, 'IRRELEVANT', 'HOME_UNIVERSITY_PAYMENT', '''- 소속전공과 지원전공이 일치하여야 함 (교차 수강 불가능)', NULL, ' - 본교 중국어 어학시험에 응시하여야 함<br>- 중국어 어학강좌만 수강할 경우 HSK 또는 영어성적 제시 불필요<br>- 중국어로된 전공강의 수강(학위과정)을 희망할 경우 별도 문의 (HSK level 4 이상이어야 함)', NULL, '- 기숙사 보유(한 학기 3100-3600RMB)', NULL),
    (147, 2, 3, 'ONE_SEMESTER', 'HOME_UNIVERSITY_PAYMENT', '- 소속전공과 지원전공이 일치할 것<br>', NULL, '- 본교 중국어 어학시험에 응시하여야 함<br>- 중국어로된 전공강의 수강(학위과정)을 희망할 경우 별도 문의 (HSK4급이상 보유자만 가능)<br>-유효한 영어공인인증시험점수는 2021년 12월 21일 이후 응시한 시험점수에 한함', NULL, '-기숙사 보유 (2인실/ 매달 450-600RMB)', NULL),
    (148, 2, 1, 'ONE_SEMESTER', 'HOME_UNIVERSITY_PAYMENT', '- 소속전공과 지원전공이 반드시 일치할 필요는 없음', NULL, ' - 본교 중국어 어학시험에 응시하여야 함<br>- 중국어 연수 프로그램 : 어학성적 불필요<br>- 영어강의 없고 중국어로 하는 전공수업만 제공함. HSK5급 보유자만 지원가능(확인중)', NULL, '- 기숙사 보유 (한학기 1100-1500 USD) ', NULL),
    (149, NULL, 10, 'IRRELEVANT', 'OVERSEAS_UNIVERSITY_PAYMENT', NULL, NULL, '- 어학요건이 대학별로 상이하므로 반드시 Program Guide 참고할 것', NULL, NULL, '- 지원 전 반드시 국제교류팀 담당자와 상담할 것');